
AI Overview
Visual data characterizes neem plant features across images showing a tree in a dirt road and a small potted plant, suggesting image analysis.

[
    {
        "image": "1803.jpg",
        "quality_metrics": {
            "blur_score": 223.569,
            "brightness": 0.391,
            "contrast": 0.155
        },
        "semantic_features": {
            "clip_embedding": [
                -0.3821474015712738,
                0.2932736873626709,
                0.11387351155281067,
                0.6367577910423279,
                0.14437006413936615,
                0.46821749210357666,
                0.35182687640190125,
                0.1198267862200737,
                -0.09296177327632904,
                -0.3902488052845001,
                0.011596341617405415,
                0.22273597121238708,
                -0.38157200813293457,
                -0.3044096529483795,
                0.03280270844697952,
                -0.10966852307319641,
                0.7206165194511414,
                -0.31925830245018005,
                0.3024056553840637,
                -0.6172734498977661,
                -0.15624645352363586,
                0.3433174788951874,
                0.31465694308280945,
                -0.15435463190078735,
                -0.35137856006622314,
                0.009971830993890762,
                0.34512341022491455,
                -0.13995814323425293,
                -0.04381725937128067,
                0.11922135204076767,
                0.4976525902748108,
                0.45441579818725586,
                0.35666707158088684,
                -0.30952921509742737,
                0.19701093435287476,
                -0.02472667582333088,
                -0.14427874982357025,
                0.0769692212343216,
                0.035764843225479126,
                0.31231001019477844,
                0.1347113847732544,
                0.046604469418525696,
                0.3452489972114563,
                -0.12054881453514099,
                0.31032314896583557,
                0.25888967514038086,
                -0.3444035053253174,
                0.1952594667673111,
                -0.4275604486465454,
                0.1741008758544922,
                -0.06492124497890472,
                0.37423986196517944,
                0.12400216609239578,
                -0.38615238666534424,
                0.08208990842103958,
                0.4263579249382019,
                -0.4377049207687378,
                0.08956389874219894,
                0.020023513585329056,
                0.000992226880043745,
                -0.03794074058532715,
                0.17506778240203857,
                0.2337273210287094,
                0.05426810681819916,
                -0.0223276037722826,
                -0.16218242049217224,
                -0.1629706770181656,
                1.155850887298584,
                0.28615567088127136,
                0.07795824855566025,
                0.24611859023571014,
                -0.05387193709611893,
                0.011533322744071484,
                -0.41943782567977905,
                -0.22396209836006165,
                -0.43979382514953613,
                0.10722681134939194,
                -0.11853029578924179,
                -0.5818027853965759,
                -0.5398043990135193,
                -0.05622155964374542,
                -0.39179497957229614,
                0.3029022812843323,
                -0.3240733742713928,
                0.17763516306877136,
                -0.05902935191988945,
                0.4281551241874695,
                -0.16932418942451477,
                0.018347736448049545,
                -0.5978018045425415,
                0.2522751986980438,
                -0.24882742762565613,
                -7.956692695617676,
                0.10264919698238373,
                0.13264204561710358,
                0.05300545319914818,
                -0.2227216511964798,
                -0.01389344036579132,
                -1.3083375692367554,
                0.1803589016199112,
                -0.10848928987979889,
                0.16150961816310883,
                0.3207058310508728,
                0.08807475119829178,
                0.23221947252750397,
                -0.16819362342357635,
                -1.0186002254486084,
                0.5371085405349731,
                0.0564458891749382,
                -0.16063831746578217,
                0.25946491956710815,
                0.19231873750686646,
                -0.6001691818237305,
                0.13401462137699127,
                -0.2445606142282486,
                0.3480999171733856,
                -0.1799861490726471,
                0.11763126403093338,
                0.509125292301178,
                -0.12011738121509552,
                0.21958163380622864,
                -1.1101680994033813,
                0.036730553954839706,
                0.08400197327136993,
                0.08711642026901245,
                -0.08376382291316986,
                -0.019617054611444473,
                -0.08682859688997269,
                -0.002057557925581932,
                0.26612865924835205,
                -0.010616393759846687,
                -0.18416929244995117,
                -0.36670804023742676,
                0.9875471591949463,
                0.24670535326004028,
                0.18323300778865814,
                0.10488253831863403,
                -0.5240193009376526,
                0.03527447208762169,
                0.8204143643379211,
                -0.13137556612491608,
                0.4199249744415283,
                -0.5772653222084045,
                0.00835118442773819,
                -0.40414491295814514,
                0.028437383472919464,
                -0.37579935789108276,
                0.32643890380859375,
                -0.017384756356477737,
                0.33656150102615356,
                0.44616594910621643,
                -0.25764966011047363,
                -0.47265926003456116,
                -0.3049098551273346,
                0.04499761760234833,
                -0.21659336984157562,
                0.15233585238456726,
                0.16372813284397125,
                -0.00042709626723080873,
                0.030013563111424446,
                -0.5936989188194275,
                -0.27768614888191223,
                0.11382952332496643,
                0.1001369059085846,
                -0.004708698019385338,
                -0.4463881254196167,
                -0.0030547601636499166,
                0.42976143956184387,
                0.15403655171394348,
                -0.0350504070520401,
                0.16935350000858307,
                -0.11877019703388214,
                -0.11417324095964432,
                -0.14032365381717682,
                0.43420419096946716,
                -0.10753829032182693,
                0.3672564625740051,
                0.18296699225902557,
                -0.42810702323913574,
                0.1365366131067276,
                0.19736944139003754,
                0.057977426797151566,
                -0.17092421650886536,
                -0.004272971302270889,
                0.022778017446398735,
                0.19428651034832,
                -0.15473169088363647,
                0.20554441213607788,
                -0.4787440001964569,
                -0.19563384354114532,
                -0.11543155461549759,
                -0.1132626086473465,
                0.06532270461320877,
                0.2355024516582489,
                -1.0388058423995972,
                0.02699451334774494,
                -0.3182509243488312,
                -0.13017725944519043,
                0.11873837560415268,
                -0.2728511691093445,
                0.16940002143383026,
                -0.6119440793991089,
                0.0414164736866951,
                0.2922118306159973,
                -0.15054212510585785,
                0.27720004320144653,
                0.15255844593048096,
                0.277529776096344,
                -0.31999462842941284,
                0.4980160593986511,
                -0.6057924032211304,
                0.6755988001823425,
                0.14507661759853363,
                -0.152800053358078,
                -0.06661996245384216,
                0.17112797498703003,
                0.2877177596092224,
                0.025665616616606712,
                1.0570896863937378,
                0.24813158810138702,
                0.3505651354789734,
                0.46907344460487366,
                0.08440941572189331,
                -0.3767407536506653,
                -0.281856507062912,
                0.2510054111480713,
                -0.19129785895347595,
                -0.05667416378855705,
                -0.17367243766784668,
                0.19251380860805511,
                -0.4570268988609314,
                -0.5439015030860901,
                -0.03374139219522476,
                -0.19011299312114716,
                -0.16911983489990234,
                0.7853244543075562,
                0.12819276750087738,
                -0.17916437983512878,
                0.08966273814439774,
                -0.0791681632399559,
                0.19135989248752594,
                -0.13656051456928253,
                0.24061168730258942,
                -0.005132484249770641,
                -0.15638473629951477,
                -0.2098907083272934,
                0.25624293088912964,
                0.315621554851532,
                0.3107307255268097,
                -0.2980506122112274,
                -0.9543207287788391,
                0.0785508081316948,
                0.06544434279203415,
                -0.07079920917749405,
                0.10543663054704666,
                0.22829054296016693,
                -0.36695948243141174,
                -0.4460512101650238,
                1.8695259094238281,
                -0.11116920411586761,
                -0.5257556438446045,
                0.2959618866443634,
                -0.11425656825304031,
                0.1709912121295929,
                0.07725302875041962,
                -0.5163271427154541,
                -0.00895250216126442,
                -0.12756341695785522,
                -0.06444983929395676,
                -0.08094232529401779,
                -0.10056331753730774,
                -0.1362607777118683,
                -0.16586264967918396,
                0.13731175661087036,
                0.3982921838760376,
                0.3024745583534241,
                -0.16646087169647217,
                -0.4008522629737854,
                0.09092768281698227,
                -0.12559139728546143,
                0.22384192049503326,
                0.25284677743911743,
                -0.4384814202785492,
                -0.3291454017162323,
                -0.1695622354745865,
                -0.10840113461017609,
                0.1540973037481308,
                0.20388880372047424,
                0.0806410163640976,
                -0.495937317609787,
                0.04054597392678261,
                -0.40176141262054443,
                -0.36255359649658203,
                0.09323281049728394,
                -0.2775743901729584,
                -0.0060542370192706585,
                0.18835709989070892,
                0.003858572570607066,
                -0.06684525310993195,
                0.11612716317176819,
                -0.18736101686954498,
                0.1878485530614853,
                -0.09802231192588806,
                0.02992330677807331,
                -0.015270223841071129,
                -0.016144540160894394,
                -0.3063487708568573,
                -0.11869914084672928,
                -0.11565912514925003,
                0.371559739112854,
                0.06294341385364532,
                -0.32409435510635376,
                0.9863250851631165,
                -0.008307695388793945,
                -0.15546965599060059,
                -0.17673036456108093,
                -0.02207845076918602,
                0.20750387012958527,
                0.012942462228238583,
                -0.6689845323562622,
                -0.03365267813205719,
                1.5197006464004517,
                -0.2633432447910309,
                -0.09420766681432724,
                -0.019067762419581413,
                0.1958560049533844,
                0.24658527970314026,
                0.08183939754962921,
                -0.23628760874271393,
                0.3753588795661926,
                -0.29014652967453003,
                -0.06575699895620346,
                0.34668686985969543,
                -0.19120250642299652,
                0.3541858196258545,
                0.2157636433839798,
                0.35141706466674805,
                0.36421841382980347,
                0.16501015424728394,
                0.5500855445861816,
                -0.1989925354719162,
                -0.3020637333393097,
                0.5522452592849731,
                -0.09201209247112274,
                -0.04883816838264465,
                0.45454809069633484,
                -0.1324099451303482,
                0.08010093867778778,
                -0.012100672349333763,
                0.09839384257793427,
                0.33672580122947693,
                0.016078542917966843,
                0.7769997119903564,
                0.12111116200685501,
                -0.047055330127477646,
                -0.7948230504989624,
                0.5828356742858887,
                0.05584724247455597,
                0.1964542418718338,
                -0.29295578598976135,
                -0.18385541439056396,
                -0.38586825132369995,
                0.3199124038219452,
                -0.46384668350219727,
                -0.42259007692337036,
                0.3415057957172394,
                -0.2606957256793976,
                0.27550220489501953,
                0.06270772963762283,
                0.37737464904785156,
                0.08772729337215424,
                -0.2020827829837799,
                -0.09061556309461594,
                0.13276009261608124,
                0.2927810549736023,
                0.15879997611045837,
                0.6276849508285522,
                0.028562020510435104,
                -0.231827974319458,
                -0.11342985183000565,
                0.15756939351558685,
                0.443011075258255,
                0.015448182821273804,
                -0.12998643517494202,
                0.1255783587694168,
                1.1578840017318726,
                0.12050466984510422,
                0.3928986191749573,
                -0.19602447748184204,
                -0.8060333728790283,
                -0.1332394927740097,
                -0.30780112743377686,
                0.18380048871040344,
                0.2603529095649719,
                -0.4564206898212433,
                -0.10438213497400284,
                0.5821632146835327,
                -0.18537038564682007,
                -0.1780184954404831,
                0.32303452491760254,
                -0.08319683372974396,
                -0.1074686124920845,
                0.6396996378898621,
                -0.31495270133018494,
                0.15829244256019592,
                -0.4104302227497101,
                -0.2769167721271515,
                0.15954232215881348,
                0.6165573596954346,
                -0.2915923297405243,
                -0.3678078353404999,
                0.22568361461162567,
                0.02097238413989544,
                -0.13368532061576843,
                -0.21271054446697235,
                0.21947290003299713,
                0.08028201013803482,
                -0.42646676301956177,
                -0.18264125287532806,
                0.3637544512748718,
                -0.7163263559341431,
                0.2327856570482254,
                0.14239747822284698,
                0.23104433715343475,
                -0.361573725938797,
                0.3017052412033081,
                -0.1047804206609726,
                -0.7067795991897583,
                0.10020025819540024,
                0.1597505807876587,
                0.08078280836343765,
                -0.10210983455181122,
                0.8710966110229492,
                -0.01377798430621624,
                -0.010852713137865067,
                -0.18410013616085052,
                -0.0108730373904109,
                0.3469539284706116,
                -0.3138885796070099,
                -0.3731248378753662,
                0.06256172806024551,
                0.20342569053173065,
                0.38592758774757385,
                -0.1874317228794098,
                -0.4996030330657959,
                0.22408194839954376,
                0.4616733193397522,
                -0.1199350655078888,
                -0.19975821673870087,
                0.3931322395801544,
                -0.39741942286491394,
                -0.3019069731235504,
                -0.14751873910427094,
                -0.8340476155281067,
                -0.1877254843711853,
                0.46386954188346863,
                0.5106177926063538,
                -0.3703016936779022,
                0.12079048156738281,
                0.1718759536743164,
                -0.030747173354029655,
                -0.18192008137702942,
                -0.41557055711746216,
                -0.3545475900173187,
                0.09563171118497849,
                0.330330491065979,
                -0.048672448843717575,
                -0.2274579107761383,
                -0.23246443271636963,
                0.12488050013780594,
                -0.20780257880687714,
                0.46418944001197815,
                -0.5848251581192017,
                -0.17769894003868103,
                0.18245242536067963,
                -0.8830621838569641,
                -0.07612573355436325,
                0.41073179244995117,
                -0.13253924250602722,
                0.314552366733551,
                0.08275345712900162,
                -0.24985909461975098,
                0.28815925121307373,
                0.17187470197677612,
                0.4214714765548706,
                -0.20717459917068481,
                0.07925368845462799,
                -0.16270765662193298,
                -0.23175515234470367,
                0.23269246518611908,
                0.24917414784431458,
                -0.04215831682085991,
                0.23094028234481812,
                0.11819728463888168,
                -0.22817185521125793,
                0.044782351702451706,
                0.09258642047643661,
                0.16095943748950958,
                -0.011164053343236446,
                -0.15974177420139313,
                -0.2925676703453064,
                -0.12918484210968018,
                0.16929763555526733,
                0.07127314060926437,
                0.4182654917240143,
                -0.7714869379997253,
                -0.16925138235092163,
                0.027905428782105446,
                0.10424520820379257,
                0.7262275815010071,
                0.049268756061792374,
                0.20874488353729248
            ]
        },
        "descriptive_features": {
            "caption": "a small tree in the middle of a dirt road"
        },
        "object_features": {
            "detected_objects": [
                {
                    "label": "neem",
                    "confidence": 0.803,
                    "bbox": [
                        0,
                        0,
                        600,
                        450
                    ],
                    "area_ratio": 1.0,
                    "green_ratio": 0.08,
                    "leaf_stage": "Old"
                }
            ],
            "object_count": 1
        }
    },
    {
        "image": "1812.jpg",
        "quality_metrics": {
            "blur_score": 997.934,
            "brightness": 0.583,
            "contrast": 0.109
        },
        "semantic_features": {
            "clip_embedding": [
                -0.3931236267089844,
                0.08062420785427094,
                -0.02300589345395565,
                0.7100062370300293,
                0.20424437522888184,
                0.34809693694114685,
                0.4119585156440735,
                -0.3011725842952728,
                -0.36620062589645386,
                -0.3193683624267578,
                -0.10107358545064926,
                0.33114001154899597,
                -0.6885483860969543,
                -0.33804142475128174,
                0.24806931614875793,
                0.23361985385417938,
                0.5004388093948364,
                0.09332139790058136,
                0.3627343475818634,
                -0.059252992272377014,
                0.16996446251869202,
                -0.1940067559480667,
                0.514796793460846,
                -0.27346840500831604,
                -0.49279147386550903,
                -0.27524614334106445,
                0.23705154657363892,
                -0.15814511477947235,
                0.31386202573776245,
                0.30812060832977295,
                0.49036169052124023,
                -0.19159631431102753,
                0.07015661150217056,
                -0.33572492003440857,
                0.24292659759521484,
                -0.29832810163497925,
                -0.06252121180295944,
                0.12341795861721039,
                0.30840003490448,
                0.14466655254364014,
                0.03900111839175224,
                0.07649073004722595,
                0.10652798414230347,
                0.5729092955589294,
                -0.07140633463859558,
                -1.183477759361267,
                -0.4198251962661743,
                0.024961601942777634,
                -0.2885006368160248,
                0.38536208868026733,
                -0.45803511142730713,
                -0.31563854217529297,
                0.08208633214235306,
                -0.2277718186378479,
                0.14952819049358368,
                0.32655686140060425,
                0.20307601988315582,
                -0.015449665486812592,
                0.34035444259643555,
                0.09032943099737167,
                0.1286720484495163,
                -0.0948571264743805,
                0.041080210357904434,
                0.06696103513240814,
                -0.12246710062026978,
                -0.26788535714149475,
                -0.11961521953344345,
                0.7346210479736328,
                0.24386459589004517,
                -0.19218343496322632,
                0.019348952919244766,
                0.33724287152290344,
                0.06537260860204697,
                -0.11077825725078583,
                -0.11137346923351288,
                -0.69698566198349,
                -0.4244388937950134,
                0.38535642623901367,
                -0.642253577709198,
                -0.17835207283496857,
                -0.3298867642879486,
                -0.3041190207004547,
                0.4165184795856476,
                -0.7618366479873657,
                0.19275133311748505,
                -0.209058940410614,
                0.23341655731201172,
                -0.2952662706375122,
                -0.5242723822593689,
                -0.20185586810112,
                0.24461744725704193,
                -0.1554470658302307,
                -7.347399711608887,
                -0.15002578496932983,
                -0.03111756220459938,
                0.1757565140724182,
                0.07869488000869751,
                -0.18253636360168457,
                -1.5658245086669922,
                0.2708319127559662,
                -0.18311452865600586,
                0.15802034735679626,
                0.03933703526854515,
                -0.1951843947172165,
                -0.29392844438552856,
                -0.11167522519826889,
                -1.0885379314422607,
                -0.0020556908566504717,
                -0.12487183511257172,
                -0.41466349363327026,
                0.5237818956375122,
                -0.13924521207809448,
                -0.13281485438346863,
                0.3280358612537384,
                -0.20290449261665344,
                0.4667569100856781,
                -0.35580548644065857,
                0.362155020236969,
                0.26084718108177185,
                -0.2982994019985199,
                0.03037809580564499,
                -0.5466455221176147,
                0.1027228832244873,
                0.12309887260198593,
                0.13766486942768097,
                -0.19061464071273804,
                0.4778721034526825,
                0.0720057338476181,
                -0.11388705670833588,
                0.2586786448955536,
                0.2587197422981262,
                -0.11933284997940063,
                0.08707627654075623,
                0.9216873049736023,
                -0.10793905705213547,
                0.20636644959449768,
                0.3241996765136719,
                -0.02245854027569294,
                0.12548993527889252,
                0.23454886674880981,
                0.03662988916039467,
                0.21215304732322693,
                -0.4060136377811432,
                0.11504215747117996,
                -0.5081841945648193,
                -0.21025298535823822,
                -0.3091062307357788,
                0.5663384795188904,
                0.0842045396566391,
                0.4169197380542755,
                0.21891175210475922,
                -0.38093146681785583,
                -0.583668053150177,
                -0.5119467377662659,
                -0.023922203108668327,
                -0.0858796238899231,
                -0.20245413482189178,
                0.22226491570472717,
                0.20636522769927979,
                -0.02194049209356308,
                -0.41585633158683777,
                0.03736899048089981,
                -0.05093826726078987,
                0.16171661019325256,
                -0.19971401989459991,
                0.0139740826562047,
                0.05592804774641991,
                0.5977253913879395,
                0.043546147644519806,
                0.18039929866790771,
                0.3763585090637207,
                -0.06767242401838303,
                -0.29982858896255493,
                0.09118425846099854,
                0.32134711742401123,
                -0.18917354941368103,
                -0.053852152079343796,
                0.11226263642311096,
                -0.6130072474479675,
                -0.04409073665738106,
                0.21637797355651855,
                0.0932166576385498,
                0.15041325986385345,
                0.29111358523368835,
                -0.36803528666496277,
                -0.0967271476984024,
                -0.1809796243906021,
                -0.10477619618177414,
                -0.3034895658493042,
                -0.356431245803833,
                -0.22649778425693512,
                -0.16754312813282013,
                -0.1690751165151596,
                -0.037804193794727325,
                -1.0573761463165283,
                -0.2683888375759125,
                -0.10777780413627625,
                0.1939864307641983,
                0.20164310932159424,
                -0.27594172954559326,
                0.10515525937080383,
                -0.5385196805000305,
                0.39173588156700134,
                0.3345921039581299,
                -0.17466695606708527,
                0.4974224269390106,
                0.14736509323120117,
                0.41012153029441833,
                -0.33737730979919434,
                0.3899300992488861,
                -0.5745776891708374,
                0.3933478891849518,
                0.6873205900192261,
                0.05055604875087738,
                -0.1539335697889328,
                0.297044575214386,
                0.1724403351545334,
                -0.29827284812927246,
                0.5725579261779785,
                0.1917588859796524,
                0.29761403799057007,
                0.112286776304245,
                0.25612205266952515,
                -0.15451844036579132,
                -0.5417531132698059,
                0.09576324373483658,
                0.12713469564914703,
                -0.14871306717395782,
                -0.02244691550731659,
                0.10157236456871033,
                -0.3547138571739197,
                -0.5730670690536499,
                -0.16314874589443207,
                -0.16480882465839386,
                0.12130701541900635,
                0.33523085713386536,
                0.12290444225072861,
                0.15249359607696533,
                -0.18592658638954163,
                -0.19524706900119781,
                0.2893066704273224,
                0.08272295445203781,
                0.32953357696533203,
                -0.0082505252212286,
                -0.6396539211273193,
                -0.08326542377471924,
                0.30187392234802246,
                0.2999297082424164,
                0.41205471754074097,
                -0.4225653111934662,
                -0.6538798213005066,
                -0.4337084889411926,
                -0.09318167716264725,
                0.13970230519771576,
                -0.2274833619594574,
                0.2890164852142334,
                -0.15799666941165924,
                0.12400180846452713,
                1.304802417755127,
                -0.24912388622760773,
                -0.17494478821754456,
                0.1389964371919632,
                0.07969285547733307,
                0.9095421433448792,
                -0.043722622096538544,
                -0.33943310379981995,
                -0.13721469044685364,
                0.08385208249092102,
                0.17381586134433746,
                -0.020155277103185654,
                -0.002347196452319622,
                -0.08898945897817612,
                -0.7951095104217529,
                -0.19996249675750732,
                0.004810678772628307,
                0.5074629187583923,
                -0.17487283051013947,
                -0.005705756135284901,
                0.014221279881894588,
                -0.3794528841972351,
                -0.19482769072055817,
                -0.06464534252882004,
                -0.29385676980018616,
                0.19765333831310272,
                -0.14195463061332703,
                -0.013968339189887047,
                -0.05899922922253609,
                0.1329248547554016,
                -0.21588918566703796,
                -0.21465450525283813,
                0.07212767004966736,
                -0.09252569079399109,
                -0.2201199233531952,
                0.009824306704103947,
                0.048787109553813934,
                -0.03081200085580349,
                0.3508663773536682,
                0.3835380971431732,
                0.13973575830459595,
                0.11324154585599899,
                -0.32095324993133545,
                0.6180201768875122,
                0.21873065829277039,
                -0.05032741650938988,
                0.04701286554336548,
                0.07883910089731216,
                -0.5292544364929199,
                -0.18895909190177917,
                0.4294794797897339,
                0.12778759002685547,
                0.10993602126836777,
                -0.4816332757472992,
                0.9195746183395386,
                -0.38605186343193054,
                -0.05245201289653778,
                0.13582485914230347,
                -0.17071127891540527,
                0.35717085003852844,
                -0.023865077644586563,
                -1.0253899097442627,
                0.1472940742969513,
                1.919203758239746,
                -0.40769708156585693,
                0.21714065968990326,
                0.14621271193027496,
                0.017717814072966576,
                0.02836737036705017,
                0.13014771044254303,
                -0.24725277721881866,
                0.24649563431739807,
                -0.44567635655403137,
                -0.4832881689071655,
                0.19266647100448608,
                -0.5383425951004028,
                0.31238651275634766,
                0.1995297223329544,
                -0.11743123829364777,
                0.2574918270111084,
                0.2842141389846802,
                0.7642959356307983,
                0.2651849389076233,
                0.18562519550323486,
                0.5116678476333618,
                0.2331252247095108,
                -0.1524708867073059,
                0.3695368766784668,
                -0.43863940238952637,
                0.28797513246536255,
                -0.01381621602922678,
                -0.009649191983044147,
                -0.1965661346912384,
                -0.2459813505411148,
                0.4996348023414612,
                0.09248216450214386,
                0.03625603765249252,
                -1.015498399734497,
                0.3104152977466583,
                -0.7842332720756531,
                0.24619534611701965,
                0.04491064324975014,
                -0.871788501739502,
                0.02641759067773819,
                0.41981011629104614,
                -0.22491157054901123,
                -0.24732543528079987,
                -0.09921753406524658,
                0.0593850202858448,
                0.025410976260900497,
                0.43557992577552795,
                0.441028892993927,
                -0.22884374856948853,
                -0.017572272568941116,
                -0.11098147928714752,
                -0.16221456229686737,
                0.169841930270195,
                0.31536227464675903,
                0.7554733157157898,
                -0.3865516185760498,
                0.28458091616630554,
                -0.3075994849205017,
                0.4948454201221466,
                0.5118638277053833,
                0.28800076246261597,
                -0.11465997248888016,
                0.41395115852355957,
                1.1037136316299438,
                -0.1646127551794052,
                0.11016789823770523,
                -0.4364596903324127,
                0.43343016505241394,
                -0.33664682507514954,
                -0.476627379655838,
                0.30173754692077637,
                0.1902294009923935,
                -0.2514256536960602,
                0.13027068972587585,
                0.41481301188468933,
                -0.2777411937713623,
                -0.49079352617263794,
                0.33654385805130005,
                -0.05059587582945824,
                -0.4571254551410675,
                0.9991158843040466,
                0.030265362933278084,
                -0.017870672047138214,
                -0.3005370497703552,
                -0.260193407535553,
                0.13060051202774048,
                0.5777176022529602,
                -0.7083789706230164,
                -0.09110718220472336,
                0.25249722599983215,
                -0.38799211382865906,
                -0.14798296988010406,
                -0.2235351949930191,
                0.19842815399169922,
                0.16253386437892914,
                0.1547507345676422,
                -0.3748357594013214,
                0.32138919830322266,
                -0.27548080682754517,
                0.21446670591831207,
                -0.016371242702007294,
                0.42155182361602783,
                -0.056818947196006775,
                0.16080914437770844,
                -0.16449058055877686,
                -0.7775401473045349,
                -0.4287589490413666,
                -0.11605501174926758,
                0.08722703903913498,
                0.004149626009166241,
                0.7633131742477417,
                -0.43711304664611816,
                0.0964449942111969,
                -0.39519497752189636,
                -0.5206994414329529,
                0.4259446859359741,
                -0.47697651386260986,
                -0.6160470247268677,
                0.3300102651119232,
                0.4469437897205353,
                0.37705910205841064,
                -0.12851403653621674,
                -0.35429009795188904,
                0.2705540955066681,
                0.4037233591079712,
                -0.04839593917131424,
                -0.15446484088897705,
                0.1634404957294464,
                -0.15238937735557556,
                0.06725665926933289,
                -0.03843597695231438,
                -1.0488533973693848,
                0.2632315456867218,
                0.21008944511413574,
                0.581378698348999,
                -0.37342458963394165,
                -0.3215261697769165,
                0.15649785101413727,
                -0.1138531044125557,
                -0.14986443519592285,
                -0.08770501613616943,
                -0.21763277053833008,
                -0.38092344999313354,
                0.04767895117402077,
                0.09189257770776749,
                -0.3496902585029602,
                -0.2472076117992401,
                -0.09928616136312485,
                -0.06348033994436264,
                0.6442057490348816,
                -0.6663916707038879,
                0.614546537399292,
                -0.27753815054893494,
                -0.5404980778694153,
                0.13786831498146057,
                -0.09096267819404602,
                -0.01821374148130417,
                0.5195729732513428,
                -0.2903001010417938,
                0.20267219841480255,
                0.4252229928970337,
                0.2493615746498108,
                -0.05206334590911865,
                -0.12696868181228638,
                0.435934841632843,
                -0.3195243775844574,
                0.02865978144109249,
                0.38658106327056885,
                0.04004502668976784,
                0.2909150719642639,
                0.2294112741947174,
                -0.2132430076599121,
                0.03183344379067421,
                -0.05835737660527229,
                0.31332388520240784,
                -0.5760408639907837,
                -0.15750011801719666,
                -0.11206375062465668,
                -0.3498680293560028,
                0.0988556295633316,
                0.08341057598590851,
                0.2824782133102417,
                0.09274578094482422,
                -0.024236297234892845,
                -0.09558095037937164,
                0.28629422187805176,
                0.07273264974355698,
                0.6921715140342712,
                -0.3940771222114563,
                0.0998438373208046
            ]
        },
        "descriptive_features": {
            "caption": "a small tree growing in a pot"
        },
        "object_features": {
            "detected_objects": [
                {
                    "label": "neem",
                    "confidence": 0.995,
                    "bbox": [
                        0,
                        0,
                        600,
                        283
                    ],
                    "area_ratio": 1.0,
                    "green_ratio": 0.01,
                    "leaf_stage": "Old"
                }
            ],
            "object_count": 1
        }
    },
    {
        "image": "1787.jpg",
        "quality_metrics": {
            "blur_score": 927.824,
            "brightness": 0.555,
            "contrast": 0.121
        },
        "semantic_features": {
            "clip_embedding": [
                -0.5452103614807129,
                0.15128923952579498,
                -0.08074191957712173,
                0.31453385949134827,
                0.13628265261650085,
                0.19339428842067719,
                0.06715584546327591,
                -0.35906535387039185,
                0.3613654673099518,
                -0.3818933963775635,
                0.1281992644071579,
                0.3458223342895508,
                -0.624199390411377,
                -0.2849263548851013,
                0.16471600532531738,
                -0.05003790557384491,
                0.5362465977668762,
                -0.17862939834594727,
                0.2673320472240448,
                -0.20887194573879242,
                -0.011664817109704018,
                0.015188692137598991,
                0.34249594807624817,
                -0.2906586825847626,
                -0.278860867023468,
                -0.008215101435780525,
                0.1909908503293991,
                0.00684425700455904,
                0.19310395419597626,
                -0.021771501749753952,
                0.6349797248840332,
                -0.0082400506362319,
                0.21074721217155457,
                -0.4641633927822113,
                -0.04366455227136612,
                -0.4154437184333801,
                -0.193263977766037,
                0.009333141148090363,
                -0.016693081706762314,
                0.28030338883399963,
                0.14111897349357605,
                -0.019548902288079262,
                0.0030602302867919207,
                -0.07251789420843124,
                0.0634564459323883,
                -1.2192785739898682,
                -0.4862506687641144,
                0.027497341856360435,
                -0.4580749571323395,
                0.30991101264953613,
                -0.1802724152803421,
                0.21803396940231323,
                -0.0011724428040906787,
                -0.40831056237220764,
                0.4934261441230774,
                0.25746017694473267,
                0.05837801471352577,
                -0.09719719737768173,
                0.5221180319786072,
                0.07935887575149536,
                0.0049485075287520885,
                0.026767704635858536,
                0.09910573065280914,
                0.15618214011192322,
                -0.18727947771549225,
                -0.44221532344818115,
                -0.40491563081741333,
                0.7827478051185608,
                0.0064227688126266,
                -0.1369214951992035,
                0.32767972350120544,
                -0.04489234462380409,
                0.18949705362319946,
                -0.1612016260623932,
                -0.3304523825645447,
                -0.7315451502799988,
                -0.30680787563323975,
                0.49366503953933716,
                -0.7804132103919983,
                -0.2864150106906891,
                -0.2185916006565094,
                0.13200503587722778,
                0.2418801337480545,
                -0.5162264108657837,
                0.09668902307748795,
                -0.11231248080730438,
                0.35118380188941956,
                -0.4651453495025635,
                -0.2618749141693115,
                -0.15842314064502716,
                0.10467839241027832,
                0.17728567123413086,
                -7.147037029266357,
                -0.23661071062088013,
                0.3200078010559082,
                0.1260019689798355,
                -0.1442406177520752,
                -0.07425094395875931,
                -1.5987950563430786,
                0.1398104429244995,
                0.0626673549413681,
                0.29202720522880554,
                0.0674566701054573,
                -0.07276833057403564,
                -0.1623753309249878,
                0.0068956175819039345,
                -0.8689369559288025,
                0.09766724705696106,
                -0.0317525640130043,
                -0.10661669075489044,
                0.5779860615730286,
                -0.35668617486953735,
                -0.5225964188575745,
                0.3724765479564667,
                -0.1730167418718338,
                0.12100204080343246,
                -0.11178915947675705,
                0.17462624609470367,
                0.01769285835325718,
                0.018880682066082954,
                0.061680469661951065,
                -0.8975199460983276,
                -0.16319064795970917,
                0.3346697986125946,
                0.0023763314820826054,
                -0.08568721264600754,
                0.5365009307861328,
                -0.09925679117441177,
                -0.07569872587919235,
                0.6925819516181946,
                0.2948959171772003,
                -0.20716369152069092,
                -0.286382257938385,
                0.8965647220611572,
                0.2835078239440918,
                0.14164666831493378,
                0.02336818352341652,
                -0.14205634593963623,
                0.0961020365357399,
                -0.05748958885669708,
                -0.2952512800693512,
                0.23109082877635956,
                -0.5734903812408447,
                0.12339333444833755,
                -0.6456586122512817,
                -0.2159598469734192,
                -0.5562074184417725,
                0.8858432769775391,
                -0.055243492126464844,
                0.05762217566370964,
                0.20159533619880676,
                -0.2883024215698242,
                -0.4039776623249054,
                -0.3041665554046631,
                0.07213764637708664,
                0.3452497720718384,
                -0.09442337602376938,
                0.3795919716358185,
                0.2951166033744812,
                -0.10442725569009781,
                -0.4908807575702667,
                -0.25709468126296997,
                -0.34571707248687744,
                0.06374175101518631,
                -0.35737183690071106,
                -0.04198087006807327,
                -0.19976171851158142,
                0.5306439399719238,
                -0.17356109619140625,
                0.2859514355659485,
                0.29888004064559937,
                -0.09951450675725937,
                -0.17526572942733765,
                0.0863214060664177,
                0.1906600296497345,
                -0.011413966305553913,
                -0.2816407084465027,
                0.2929854989051819,
                -0.6203086972236633,
                -0.08996468037366867,
                0.564504086971283,
                0.10009448230266571,
                -0.01919788308441639,
                -0.18895752727985382,
                -0.40154752135276794,
                -0.07322617620229721,
                0.20497779548168182,
                0.1788673847913742,
                -0.44900259375572205,
                -0.09627246856689453,
                -0.40563663840293884,
                -0.13959814608097076,
                0.0014335662126541138,
                -0.1305893361568451,
                -1.2005810737609863,
                -0.09414834529161453,
                -0.041056640446186066,
                -0.17173683643341064,
                0.3004627227783203,
                -0.23009134829044342,
                0.04276520386338234,
                -0.6133522391319275,
                0.38279488682746887,
                0.10875089466571808,
                -0.021040568128228188,
                0.193778857588768,
                0.23377864062786102,
                0.39617815613746643,
                -0.08575773239135742,
                0.5632985830307007,
                -1.0703754425048828,
                0.30886659026145935,
                0.5667791962623596,
                0.3214336633682251,
                -0.22563275694847107,
                0.2948128283023834,
                -0.027327436953783035,
                0.15323084592819214,
                0.8816981911659241,
                0.21408766508102417,
                0.28099825978279114,
                0.02295079454779625,
                0.13526533544063568,
                -0.3538748621940613,
                -0.39283421635627747,
                0.1958831399679184,
                -0.03132161498069763,
                -0.09461411833763123,
                0.2918893098831177,
                0.07589752972126007,
                -0.125620037317276,
                -0.2252553403377533,
                0.014789765700697899,
                -0.11309999972581863,
                -0.19508187472820282,
                0.043012574315071106,
                0.4067486822605133,
                0.043913256376981735,
                0.043050944805145264,
                -0.026726191863417625,
                0.13253846764564514,
                0.03319336846470833,
                0.23709604144096375,
                -0.2722627818584442,
                -0.3740478456020355,
                -0.10904062539339066,
                0.5413461923599243,
                0.009032499976456165,
                0.049898043274879456,
                -0.378044456243515,
                -0.41553688049316406,
                -0.2467559576034546,
                -0.2181183397769928,
                -0.04632692039012909,
                -0.022646911442279816,
                0.27745717763900757,
                -0.12693771719932556,
                -0.0077436938881874084,
                1.9497802257537842,
                0.3383476138114929,
                -0.33337199687957764,
                0.24123334884643555,
                0.07357422262430191,
                0.41435661911964417,
                0.271953284740448,
                -0.09532728046178818,
                -0.05378735065460205,
                0.01831347681581974,
                0.34799808263778687,
                -0.20560958981513977,
                -0.15964765846729279,
                -0.06261909008026123,
                -0.6826910376548767,
                0.042383063584566116,
                0.2893128991127014,
                0.32941514253616333,
                -0.18825122714042664,
                0.08431360125541687,
                0.04423314705491066,
                -0.22978822886943817,
                0.180017352104187,
                0.11224796622991562,
                -0.2498229295015335,
                -0.5002500414848328,
                0.1004406288266182,
                -0.17356108129024506,
                -0.0058773839846253395,
                0.38558638095855713,
                -0.5455250144004822,
                -0.4492065906524658,
                0.16365504264831543,
                -0.12241289019584656,
                -0.3285483121871948,
                -0.07738252729177475,
                -0.10368749499320984,
                -0.3584063947200775,
                0.3598296344280243,
                0.31837913393974304,
                0.1329769790172577,
                0.1469171792268753,
                -0.10965731739997864,
                0.15096381306648254,
                0.04419868066906929,
                -0.025952864438295364,
                -0.033887024968862534,
                -0.1259746551513672,
                -0.46676337718963623,
                -0.3265448212623596,
                0.020506437867879868,
                0.19978348910808563,
                0.20454992353916168,
                -0.8422689437866211,
                0.8946714997291565,
                -0.04940441623330116,
                -0.3000669777393341,
                -0.18723149597644806,
                -0.12270323932170868,
                0.10855843871831894,
                -0.005160356871783733,
                -0.737354576587677,
                0.08202885836362839,
                1.8906686305999756,
                -0.4130815267562866,
                -0.2675617039203644,
                0.40644240379333496,
                0.041827619075775146,
                0.1451394408941269,
                0.3088061809539795,
                -0.019781749695539474,
                0.014504237100481987,
                -0.060889072716236115,
                -0.10921238362789154,
                0.10304900258779526,
                -0.011206905357539654,
                -0.08304164558649063,
                0.23983918130397797,
                0.21880701184272766,
                0.18967528641223907,
                0.05348421633243561,
                0.9556247591972351,
                0.17563988268375397,
                -0.017765754833817482,
                0.3634646236896515,
                0.016547944396734238,
                0.07887890934944153,
                0.3551453649997711,
                -0.46016085147857666,
                0.4181727468967438,
                -0.07267697155475616,
                0.16033349931240082,
                0.14390882849693298,
                0.023812327533960342,
                0.6297862529754639,
                0.24770519137382507,
                0.20154379308223724,
                -1.1406023502349854,
                0.4807562232017517,
                -0.14214740693569183,
                0.5129920244216919,
                -0.03845995292067528,
                -0.28515079617500305,
                -0.00042106473119929433,
                0.3238471448421478,
                -0.11123647540807724,
                -0.1881900429725647,
                0.3280411958694458,
                -0.32307836413383484,
                -0.10099407285451889,
                0.4525147080421448,
                0.37931540608406067,
                -0.06895935535430908,
                -0.23506394028663635,
                -0.44579458236694336,
                -0.07481960207223892,
                -0.2970559298992157,
                -0.06194281578063965,
                -0.0335337296128273,
                -0.005328669678419828,
                -0.23537802696228027,
                -0.22484618425369263,
                0.31248828768730164,
                0.11519010365009308,
                0.10417155176401138,
                -0.4015801250934601,
                0.3205086588859558,
                1.2018836736679077,
                -0.0726284608244896,
                0.2893073856830597,
                -0.36683031916618347,
                -0.8464825749397278,
                -0.014457186684012413,
                -0.711696982383728,
                0.04984484240412712,
                -0.15519660711288452,
                0.011871765367686749,
                -0.06347739696502686,
                0.4988330006599426,
                -0.4413069784641266,
                -0.5328182578086853,
                0.018617194145917892,
                -0.028010958805680275,
                -0.33338427543640137,
                0.47462084889411926,
                -0.48550930619239807,
                0.03834524005651474,
                -0.1251721978187561,
                -0.3949127197265625,
                -0.07698198407888412,
                0.5400547981262207,
                -0.20724405348300934,
                0.15634259581565857,
                0.41946935653686523,
                -0.2006911188364029,
                0.2828466594219208,
                -0.1551886349916458,
                0.11492319405078888,
                0.4016128480434418,
                -0.028103727847337723,
                -0.41716286540031433,
                -0.058686792850494385,
                -0.37934577465057373,
                -0.037492021918296814,
                -0.017082832753658295,
                0.10930158942937851,
                -0.12355562299489975,
                0.2827847898006439,
                0.21350818872451782,
                -0.6201381087303162,
                0.0032487581484019756,
                0.12021142989397049,
                0.10875840485095978,
                -0.3471098244190216,
                0.23287558555603027,
                -0.35321536660194397,
                -0.011628150008618832,
                -0.43586307764053345,
                -0.37210020422935486,
                0.5630090832710266,
                -0.4506418704986572,
                -0.6157594323158264,
                0.18086683750152588,
                0.5455403923988342,
                -0.015110368840396404,
                0.08122197538614273,
                -0.5681408047676086,
                0.1832084059715271,
                0.45305171608924866,
                -0.1603202372789383,
                -0.06783545762300491,
                0.14518873393535614,
                -0.11312771588563919,
                0.011435865424573421,
                -0.11920402199029922,
                -1.4814857244491577,
                -0.13235384225845337,
                0.30614686012268066,
                0.5721619725227356,
                -0.43187546730041504,
                -0.09394493699073792,
                0.20052772760391235,
                0.026055971160531044,
                -0.16172367334365845,
                0.1063113808631897,
                -0.407198429107666,
                -0.1413935273885727,
                0.21438899636268616,
                -0.1667466163635254,
                -0.03581366315484047,
                0.1277770847082138,
                0.24818991124629974,
                -0.11734555661678314,
                0.34218457341194153,
                -0.1841484010219574,
                0.6083457469940186,
                0.015567835420370102,
                -0.6420072913169861,
                -0.08518579602241516,
                -0.007584670092910528,
                0.012881513684988022,
                0.11040642112493515,
                -0.0874241292476654,
                -0.022327078506350517,
                0.26327627897262573,
                0.47939297556877136,
                0.2016993910074234,
                0.167944997549057,
                0.24886798858642578,
                -0.24974720180034637,
                -0.3778429925441742,
                0.45731061697006226,
                0.0973949208855629,
                0.1822930872440338,
                0.2500734329223633,
                -0.15952624380588531,
                0.5168291926383972,
                0.02964804694056511,
                0.28375470638275146,
                -0.28547346591949463,
                0.23491473495960236,
                -0.15435872972011566,
                -0.2750054597854614,
                0.10111828148365021,
                0.19460543990135193,
                0.1291353404521942,
                0.6898962259292603,
                -0.28571802377700806,
                -0.3982199430465698,
                -0.007920966483652592,
                -0.13521893322467804,
                0.6589233875274658,
                -0.2772958278656006,
                0.2792675495147705
            ]
        },
        "descriptive_features": {
            "caption": "a small plant growing in the dirt"
        },
        "object_features": {
            "detected_objects": [
                {
                    "label": "neem",
                    "confidence": 0.994,
                    "bbox": [
                        0,
                        0,
                        600,
                        450
                    ],
                    "area_ratio": 1.0,
                    "green_ratio": 0.072,
                    "leaf_stage": "Old"
                }
            ],
            "object_count": 1
        }
    },
    {
        "image": "1830.jpg",
        "quality_metrics": {
            "blur_score": 645.491,
            "brightness": 0.707,
            "contrast": 0.122
        },
        "semantic_features": {
            "clip_embedding": [
                -0.47640255093574524,
                -0.026609979569911957,
                -0.009772582910954952,
                0.2318345159292221,
                0.3654906451702118,
                0.36812129616737366,
                0.10986539721488953,
                0.3171062767505646,
                -0.00081923435209319,
                -0.32935085892677307,
                0.05539734289050102,
                0.25605762004852295,
                -0.6141747832298279,
                -0.46690723299980164,
                0.3248510956764221,
                0.0992121621966362,
                -0.04602381959557533,
                -0.3068356215953827,
                0.5099489688873291,
                -0.4191443622112274,
                0.10986547917127609,
                0.0759732723236084,
                0.28881165385246277,
                -0.28216955065727234,
                -0.009931692853569984,
                0.028520168736577034,
                0.3018859326839447,
                -0.0455322340130806,
                0.3012003004550934,
                -0.14364346861839294,
                0.33056870102882385,
                0.3019030690193176,
                0.0025039322208613157,
                -0.28420424461364746,
                0.4401005804538727,
                -0.2836584150791168,
                -0.14704833924770355,
                -0.36074724793434143,
                0.5089752674102783,
                0.7327396869659424,
                0.3124066889286041,
                0.2722283899784088,
                -0.1116223931312561,
                -0.005216515623033047,
                0.09957091510295868,
                -1.4477962255477905,
                -0.3175455629825592,
                0.18266138434410095,
                -0.2422126829624176,
                0.006103594787418842,
                -0.24315595626831055,
                0.11579324305057526,
                0.19516834616661072,
                -0.5587298274040222,
                0.20817705988883972,
                0.6819121241569519,
                0.1663082242012024,
                -0.026299254968762398,
                0.43675824999809265,
                0.062263164669275284,
                -0.017128493636846542,
                -0.09954376518726349,
                -0.10505755990743637,
                0.22949671745300293,
                -0.19414329528808594,
                -0.23138125240802765,
                -0.32379063963890076,
                0.5012139081954956,
                0.06968182325363159,
                0.07755067199468613,
                0.11788655072450638,
                0.04996928572654724,
                0.050089187920093536,
                -0.5104830265045166,
                -0.6067728400230408,
                -0.602729856967926,
                -0.37132081389427185,
                0.6443666815757751,
                -0.7376712560653687,
                -0.4448862671852112,
                0.21611034870147705,
                -0.02488010935485363,
                0.18074624240398407,
                -0.5658310055732727,
                0.053654447197914124,
                -0.18433961272239685,
                0.602385938167572,
                -0.5935119986534119,
                0.31091511249542236,
                -0.3160622715950012,
                0.24106484651565552,
                0.3003980815410614,
                -7.268121242523193,
                0.04500095918774605,
                0.40114423632621765,
                0.4077439606189728,
                -0.06836675107479095,
                0.05765774846076965,
                -1.2891719341278076,
                0.44904905557632446,
                -0.050095442682504654,
                0.2811233699321747,
                -0.021791579201817513,
                0.16265027225017548,
                -0.39797243475914,
                0.1556641310453415,
                -2.0047361850738525,
                0.5176668167114258,
                -0.09676587581634521,
                -0.03554299473762512,
                0.1891300082206726,
                0.13130491971969604,
                -0.29616495966911316,
                0.18549172580242157,
                -0.11204316467046738,
                -0.17408497631549835,
                -0.29616421461105347,
                0.16955327987670898,
                0.15424881875514984,
                -0.13381080329418182,
                0.03249320015311241,
                -0.6805340051651001,
                0.02883622795343399,
                0.1940571814775467,
                -0.037158723920583725,
                -0.20768266916275024,
                0.17483770847320557,
                0.029084276407957077,
                0.025364624336361885,
                0.6439158320426941,
                0.2398717701435089,
                -0.2851034104824066,
                -0.43021824955940247,
                0.9191899299621582,
                -0.2801351249217987,
                0.08082990348339081,
                -0.13725058734416962,
                -0.33485451340675354,
                -0.04417289048433304,
                0.357747346162796,
                -0.208456352353096,
                0.23109793663024902,
                -0.5568756461143494,
                -0.0677538737654686,
                -0.6633075475692749,
                -0.09466521441936493,
                -0.8129743933677673,
                0.36420249938964844,
                0.1165480837225914,
                0.1627560704946518,
                0.1272030472755432,
                -0.2763749361038208,
                -0.08004619181156158,
                -0.0034513799473643303,
                0.3073761463165283,
                -0.12169946730136871,
                0.05366213992238045,
                0.14411599934101105,
                0.42713114619255066,
                -0.046472884714603424,
                -0.3360093832015991,
                -0.16424433887004852,
                -0.267396479845047,
                0.17697979509830475,
                -0.16689689457416534,
                -0.23726347088813782,
                -0.24399715662002563,
                0.42161133885383606,
                0.05413948744535446,
                -0.003618005895987153,
                0.3248674273490906,
                -0.12024367600679398,
                -0.16752749681472778,
                -0.13441166281700134,
                0.3085470199584961,
                -0.13097824156284332,
                0.3645473122596741,
                0.20261025428771973,
                -0.676038920879364,
                -0.1949288696050644,
                0.056102219969034195,
                0.15635965764522552,
                -0.08642035722732544,
                -0.16924841701984406,
                -0.05089028924703598,
                0.11460067331790924,
                0.02994529716670513,
                0.19527125358581543,
                -0.2586674094200134,
                0.14239530265331268,
                -0.17595306038856506,
                0.11641205102205276,
                0.012514394707977772,
                0.18363100290298462,
                -0.9527997970581055,
                -0.4079272747039795,
                0.06803037971258163,
                -0.324053019285202,
                0.3265065848827362,
                0.04573577642440796,
                -0.029879167675971985,
                -0.2869318127632141,
                0.26743844151496887,
                -0.17733536660671234,
                -0.09623269736766815,
                0.25242072343826294,
                -0.05529002845287323,
                0.1339520663022995,
                -0.20125477015972137,
                0.7087970972061157,
                -0.9265848398208618,
                0.7766316533088684,
                0.2743622958660126,
                0.17356599867343903,
                0.09098953008651733,
                0.36353856325149536,
                -0.11613814532756805,
                -0.19880758225917816,
                0.7794544696807861,
                0.4586683511734009,
                -0.07908343523740768,
                0.33531007170677185,
                0.14922961592674255,
                -0.522039532661438,
                -0.3866390585899353,
                -0.02276996709406376,
                -0.023416176438331604,
                -0.3542437255382538,
                0.15355652570724487,
                -0.23701408505439758,
                -0.26818615198135376,
                -0.4762986898422241,
                -0.14067883789539337,
                -0.5230549573898315,
                -0.43037742376327515,
                0.3261784315109253,
                0.10898405313491821,
                0.1338219791650772,
                0.2023012638092041,
                0.1735340803861618,
                0.015597605146467686,
                -0.17388451099395752,
                0.45735666155815125,
                -0.34843647480010986,
                -0.340520977973938,
                -0.45182034373283386,
                0.5471186637878418,
                -0.09024333953857422,
                0.028354385867714882,
                -0.5123294591903687,
                -0.4130731523036957,
                -0.24847260117530823,
                -0.18739663064479828,
                0.2552563548088074,
                -0.2561950981616974,
                0.3048059046268463,
                -0.3744887709617615,
                0.06460903584957123,
                2.18586802482605,
                0.34659549593925476,
                0.03799371421337128,
                0.36406153440475464,
                -0.06521143764257431,
                0.10146135836839676,
                0.2233213484287262,
                -0.4029015600681305,
                -0.17380650341510773,
                -0.03432527557015419,
                -0.12484396249055862,
                -0.18765568733215332,
                0.06181834265589714,
                -0.05082927644252777,
                -0.7924100160598755,
                0.26516851782798767,
                0.05480730161070824,
                -0.02062474563717842,
                -0.13527972996234894,
                -0.07605123519897461,
                -0.034472350031137466,
                -0.25324204564094543,
                0.36565980315208435,
                0.21326503157615662,
                -0.11564962565898895,
                -0.13633786141872406,
                0.2959368824958801,
                -0.1097758412361145,
                -0.7487179636955261,
                -0.01318926177918911,
                -0.13040690124034882,
                -0.3921608626842499,
                -0.32552823424339294,
                -0.333135724067688,
                -0.05501794442534447,
                0.12000145018100739,
                -0.19762958586215973,
                -0.3290698528289795,
                0.662208616733551,
                0.051424022763967514,
                0.010189574211835861,
                0.397012859582901,
                0.07901547104120255,
                0.1551360785961151,
                0.1511872112751007,
                -0.21344564855098724,
                -0.013029837049543858,
                -0.018730403855443,
                -1.0888078212738037,
                -0.46636608242988586,
                -0.002518809400498867,
                0.16875550150871277,
                0.19094908237457275,
                -0.4793260395526886,
                0.9174747467041016,
                -0.21340517699718475,
                -0.3090614676475525,
                0.22289934754371643,
                -0.3209490180015564,
                0.49056029319763184,
                -0.2649683654308319,
                -0.6503697037696838,
                0.09177970141172409,
                1.3095208406448364,
                -0.15039081871509552,
                -0.30567240715026855,
                0.2616129219532013,
                0.23165705800056458,
                0.09950857609510422,
                0.1937381476163864,
                -0.11369897425174713,
                0.1995847076177597,
                -0.5226776003837585,
                -0.05335254967212677,
                0.2748793065547943,
                -0.10165787488222122,
                0.1354069858789444,
                0.01380513422191143,
                0.5394666194915771,
                0.3258894681930542,
                0.14706139266490936,
                0.6373840570449829,
                0.180689737200737,
                -0.3250521719455719,
                0.49097856879234314,
                -0.28686049580574036,
                -0.07921505719423294,
                0.2746126353740692,
                -0.4001449942588806,
                0.33503758907318115,
                -0.06216828525066376,
                0.002416662871837616,
                -0.045475687831640244,
                0.011005501262843609,
                0.6480875611305237,
                0.23708780109882355,
                0.41389769315719604,
                -0.6389808654785156,
                0.41158777475357056,
                -0.903175950050354,
                0.22169922292232513,
                0.018453208729624748,
                -0.4462290108203888,
                0.008583258837461472,
                0.6041721701622009,
                -0.11083190888166428,
                -0.10950431227684021,
                0.11593175679445267,
                -0.3135235905647278,
                -0.5874645113945007,
                0.49584025144577026,
                0.4707317650318146,
                -0.05380256846547127,
                -0.1254846155643463,
                -0.4014453887939453,
                -0.26724570989608765,
                -0.20670877397060394,
                0.21843166649341583,
                0.49845021963119507,
                -0.014335872605443,
                -0.29045969247817993,
                -0.057494789361953735,
                0.21103815734386444,
                0.22278697788715363,
                0.00855442974716425,
                -0.7428765296936035,
                0.14588353037834167,
                1.5648586750030518,
                0.08590962737798691,
                0.6429229974746704,
                -0.4502953588962555,
                -1.2990611791610718,
                -0.19329766929149628,
                -0.38048815727233887,
                0.15158316493034363,
                -0.33221977949142456,
                -0.19630880653858185,
                0.24072663486003876,
                0.48214060068130493,
                -0.24203583598136902,
                -0.3833893835544586,
                0.28833478689193726,
                0.11859582364559174,
                -0.40740635991096497,
                0.3958408534526825,
                -0.21143227815628052,
                0.14148806035518646,
                -0.24191856384277344,
                -0.49348968267440796,
                0.03578180819749832,
                0.8437740206718445,
                -0.4598565101623535,
                0.06212117150425911,
                0.23443976044654846,
                -0.009208928793668747,
                0.3114772439002991,
                -0.2744830846786499,
                0.1281173825263977,
                0.37163814902305603,
                -0.18322142958641052,
                -0.26699304580688477,
                0.1803678572177887,
                -0.5043573379516602,
                -0.047152988612651825,
                -0.05356601998209953,
                -0.05830179527401924,
                -0.3111928701400757,
                0.4359213709831238,
                -0.06995870918035507,
                -0.3619203567504883,
                -1.0729267597198486,
                0.09459829330444336,
                0.10240239650011063,
                -0.2556212246417999,
                0.24449896812438965,
                -0.37307634949684143,
                -0.08820425719022751,
                -0.4220374822616577,
                -0.3462628722190857,
                0.3584264814853668,
                -0.5333023071289062,
                -0.6536071300506592,
                0.15467296540737152,
                0.2837637662887573,
                0.22059932351112366,
                -0.1852090209722519,
                -0.7020971179008484,
                0.12478131055831909,
                0.4639587998390198,
                -0.06095193699002266,
                0.25886282324790955,
                0.017044682055711746,
                0.008190048858523369,
                0.08614042401313782,
                0.293327271938324,
                -1.5062392950057983,
                -0.09236487001180649,
                0.11977266520261765,
                0.29616591334342957,
                -0.39518359303474426,
                -0.06536358594894409,
                0.14775359630584717,
                0.0010740678990259767,
                -0.09271575510501862,
                -0.048475950956344604,
                -0.39903587102890015,
                0.049251310527324677,
                -0.12604595720767975,
                -0.11449825763702393,
                -0.04913921281695366,
                -0.2174011915922165,
                0.127753347158432,
                -0.09615037590265274,
                0.24158792197704315,
                -0.35316693782806396,
                0.4260495901107788,
                0.08944111317396164,
                -0.7280745506286621,
                -0.19399994611740112,
                0.36390188336372375,
                -0.11066631227731705,
                0.23903580009937286,
                -0.11708597093820572,
                -0.039892107248306274,
                0.315717488527298,
                0.19812285900115967,
                0.056879736483097076,
                0.05576404556632042,
                0.18388468027114868,
                -0.10164526104927063,
                -0.14132915437221527,
                0.19363519549369812,
                0.21640560030937195,
                -0.18150611221790314,
                0.3166660666465759,
                -0.22759878635406494,
                0.39922207593917847,
                0.08192760497331619,
                -0.006200897507369518,
                -0.10869067907333374,
                -0.05440603941679001,
                0.03622860088944435,
                -0.36682000756263733,
                0.23855771124362946,
                0.28318148851394653,
                -0.1511799395084381,
                0.04237718880176544,
                -0.22714674472808838,
                -0.20043325424194336,
                0.09195511788129807,
                -0.21639734506607056,
                0.5639097690582275,
                -0.14214788377285004,
                0.09969932585954666
            ]
        },
        "descriptive_features": {
            "caption": "a person is holding a plant in their hand"
        },
        "object_features": {
            "detected_objects": [
                {
                    "label": "neem",
                    "confidence": 0.99,
                    "bbox": [
                        0,
                        0,
                        600,
                        450
                    ],
                    "area_ratio": 1.0,
                    "green_ratio": 0.071,
                    "leaf_stage": "Old"
                }
            ],
            "object_count": 1
        }
    },
    {
        "image": "1831.jpg",
        "quality_metrics": {
            "blur_score": 366.901,
            "brightness": 0.468,
            "contrast": 0.157
        },
        "semantic_features": {
            "clip_embedding": [
                -0.33283281326293945,
                0.05404505506157875,
                0.19595041871070862,
                0.3298022747039795,
                0.04018930718302727,
                0.7121328115463257,
                -0.12840858101844788,
                0.2421640157699585,
                -0.2508254051208496,
                -0.36445361375808716,
                0.12403352558612823,
                0.3038778603076935,
                -0.4179762601852417,
                -0.5862009525299072,
                0.032964471727609634,
                0.09759651124477386,
                0.5239276885986328,
                -0.3916099965572357,
                -0.036354582756757736,
                -0.30800962448120117,
                -0.1982724517583847,
                0.2115003764629364,
                0.22338974475860596,
                -0.20379969477653503,
                -0.40649154782295227,
                0.07620219141244888,
                0.4788791537284851,
                0.20620520412921906,
                0.17159906029701233,
                0.3248679041862488,
                0.6601666808128357,
                -0.030154356732964516,
                0.07908614724874496,
                -0.256637841463089,
                0.14683447778224945,
                -0.21685004234313965,
                -0.08489071577787399,
                0.13694354891777039,
                -0.047965992242097855,
                0.29589003324508667,
                0.2884518504142761,
                0.2181125432252884,
                0.3727027475833893,
                -0.35932883620262146,
                0.15071111917495728,
                0.5918652415275574,
                -0.7324559688568115,
                0.279212087392807,
                -0.25164979696273804,
                -0.12772703170776367,
                -0.2945018410682678,
                0.23832298815250397,
                0.15524762868881226,
                -0.28266429901123047,
                0.26806405186653137,
                0.27846068143844604,
                0.029720488935709,
                0.3165082037448883,
                -0.23556502163410187,
                -0.14301571249961853,
                0.23575417697429657,
                0.2760327160358429,
                0.0868990421295166,
                0.15588334202766418,
                -0.03063027188181877,
                -0.22159962356090546,
                -0.20619457960128784,
                1.1550195217132568,
                0.41370412707328796,
                0.2423332929611206,
                0.34509944915771484,
                -0.5077118277549744,
                0.08686833083629608,
                -0.06477859616279602,
                -0.3323207199573517,
                -0.41679516434669495,
                0.04694589227437973,
                -0.046611983329057693,
                -0.6916308403015137,
                -0.6688076257705688,
                -0.07535989582538605,
                -0.1705552041530609,
                0.3992999494075775,
                -0.3087160587310791,
                0.32283586263656616,
                -0.060048799961805344,
                0.052728358656167984,
                -0.2911636233329773,
                0.19589613378047943,
                -0.40308207273483276,
                -0.07590621709823608,
                -0.23321692645549774,
                -7.685159683227539,
                0.15805283188819885,
                0.12050748616456985,
                0.40888357162475586,
                -0.5066628456115723,
                -0.04212227091193199,
                -1.1002707481384277,
                0.38771066069602966,
                0.004567119758576155,
                0.3224667012691498,
                0.4308907389640808,
                0.2723674774169922,
                0.3901747167110443,
                -0.19025108218193054,
                -0.8278318047523499,
                0.6279729604721069,
                0.23757807910442352,
                -0.4671858847141266,
                0.24484814703464508,
                0.5452858209609985,
                -0.5248092412948608,
                0.14524538815021515,
                -0.22484202682971954,
                0.17346110939979553,
                -0.3219301402568817,
                0.010892479680478573,
                0.4930451512336731,
                -0.0846099704504013,
                -0.14383240044116974,
                -1.3329567909240723,
                -0.2779238522052765,
                0.4475766718387604,
                0.18787957727909088,
                -0.382143497467041,
                -0.03490981087088585,
                -0.056766994297504425,
                0.03465965390205383,
                0.1670912355184555,
                -0.21393823623657227,
                -0.2029731571674347,
                -0.2656877040863037,
                0.9766644239425659,
                -0.05420568212866783,
                -0.06606626510620117,
                -0.07751771807670593,
                -0.49151158332824707,
                0.09144949913024902,
                0.41679078340530396,
                -0.08056986331939697,
                0.28211507201194763,
                -0.46092385053634644,
                0.10227105021476746,
                -0.060676757246255875,
                0.012071279808878899,
                -0.2689976394176483,
                0.2579786479473114,
                0.17407631874084473,
                0.011479143984615803,
                0.6858539581298828,
                -0.36858034133911133,
                -0.5237011909484863,
                -0.4971354305744171,
                -0.09026862680912018,
                0.014869068749248981,
                0.06571431457996368,
                0.193067267537117,
                -0.15910877287387848,
                -0.26400038599967957,
                -0.5590930581092834,
                -0.32473599910736084,
                0.2379790097475052,
                0.1551658660173416,
                0.07977433502674103,
                -0.3162660598754883,
                0.009878315962851048,
                0.5783271789550781,
                -0.08990444242954254,
                0.37788569927215576,
                0.2199741005897522,
                -0.1865779459476471,
                0.1899159699678421,
                -0.1841333508491516,
                0.4694424569606781,
                -0.17229624092578888,
                0.8643356561660767,
                0.211943581700325,
                -0.8261033296585083,
                0.2579129636287689,
                -0.022637423127889633,
                0.12594027817249298,
                -0.1308416724205017,
                -0.029052143916487694,
                -0.13360537588596344,
                0.04144999384880066,
                0.07344658672809601,
                0.3526451289653778,
                -0.3151482045650482,
                -0.03197178617119789,
                0.16811718046665192,
                -0.07003840059041977,
                0.14084582030773163,
                0.2574146091938019,
                -1.1072096824645996,
                -0.010075121186673641,
                -0.44986382126808167,
                -0.11255356669425964,
                0.2889070510864258,
                -0.5276697278022766,
                0.002771685365587473,
                -0.45828986167907715,
                0.45379719138145447,
                0.1954014152288437,
                -0.10146788507699966,
                -0.0866255983710289,
                0.14993014931678772,
                0.12152132391929626,
                -0.2257644385099411,
                0.35686925053596497,
                -0.708184540271759,
                0.39497292041778564,
                0.41706550121307373,
                -0.1781775951385498,
                -0.3107781410217285,
                0.16780899465084076,
                0.2554577589035034,
                0.1880144327878952,
                1.0372403860092163,
                0.5137226581573486,
                0.17617709934711456,
                0.34851908683776855,
                0.4001474976539612,
                -0.15875978767871857,
                -0.3950220048427582,
                -0.01430562511086464,
                -0.18959133327007294,
                -0.02354111336171627,
                0.009717240929603577,
                0.2915087640285492,
                -0.3222092092037201,
                -0.50656658411026,
                0.12031276524066925,
                -0.06625940650701523,
                -0.04802190884947777,
                0.03732764720916748,
                -0.18800176680088043,
                -0.14924256503582,
                -0.01941784657537937,
                -0.12074591219425201,
                0.052770406007766724,
                -0.03860483318567276,
                0.3480105996131897,
                -0.26420387625694275,
                0.010398579761385918,
                -0.11122044175863266,
                0.24031469225883484,
                0.28011128306388855,
                0.2315799593925476,
                -0.26726824045181274,
                -0.6106262803077698,
                -0.12084291875362396,
                -0.28444719314575195,
                -0.03583073988556862,
                0.07904760539531708,
                -0.005243042949587107,
                -0.06140190735459328,
                -0.4220893681049347,
                2.192181348800659,
                -0.13225020468235016,
                -0.4959864318370819,
                0.1336769163608551,
                -0.002798618981614709,
                0.6920114159584045,
                0.4143974184989929,
                -0.24069692194461823,
                -0.46294111013412476,
                -0.008626791648566723,
                -0.19999535381793976,
                0.013320963829755783,
                -0.35850027203559875,
                -0.2953343093395233,
                -0.2906448543071747,
                0.34159353375434875,
                0.6035819053649902,
                0.4734802842140198,
                -0.19730591773986816,
                -0.42236849665641785,
                0.23188388347625732,
                0.029662156477570534,
                0.3416512906551361,
                0.10407306253910065,
                -0.3720478415489197,
                -0.29489079117774963,
                -0.05913783982396126,
                -0.2278897911310196,
                0.276040643453598,
                0.18511873483657837,
                0.06895298510789871,
                -0.5552448034286499,
                0.03867572173476219,
                -0.3110736310482025,
                -0.14021208882331848,
                0.06854788959026337,
                -0.29835689067840576,
                -0.08537214994430542,
                0.28644898533821106,
                -0.19702564179897308,
                0.061082709580659866,
                0.3120245933532715,
                0.08240238577127457,
                0.3658769726753235,
                -0.04614908620715141,
                -0.16947995126247406,
                -0.09384661912918091,
                -0.1353895664215088,
                -0.12214507907629013,
                -0.21004772186279297,
                -0.24841110408306122,
                0.27650371193885803,
                0.3579615354537964,
                -0.5996179580688477,
                0.9745457768440247,
                0.24728882312774658,
                -0.3099650740623474,
                -0.14998358488082886,
                -0.12005615234375,
                0.14136576652526855,
                0.12843693792819977,
                -0.6110843420028687,
                0.024002164602279663,
                1.3851685523986816,
                -0.4689156711101532,
                -0.049322567880153656,
                0.22192691266536713,
                0.2661503851413727,
                0.05156049132347107,
                0.26498350501060486,
                -0.18911908566951752,
                0.2791074216365814,
                -0.14778919517993927,
                0.14984704554080963,
                0.11107109487056732,
                -0.020228613168001175,
                0.5281301140785217,
                0.17096927762031555,
                0.5485434532165527,
                0.2961777150630951,
                0.0301467627286911,
                0.18197642266750336,
                -0.12644065916538239,
                -0.2725282609462738,
                0.3734334111213684,
                -0.08330784738063812,
                0.02374527044594288,
                0.32900896668434143,
                0.07944130897521973,
                0.14295613765716553,
                0.03490982949733734,
                -0.12727594375610352,
                -0.07421143352985382,
                0.19542758166790009,
                0.6970182061195374,
                0.11368484795093536,
                0.2770097255706787,
                -0.6514845490455627,
                0.5498911142349243,
                -0.24351656436920166,
                -0.051741231232881546,
                -0.07323295623064041,
                0.07181710749864578,
                -0.34845027327537537,
                0.4196692407131195,
                -0.41811028122901917,
                -0.018849020823836327,
                0.12077197432518005,
                -0.2514537274837494,
                0.1501653492450714,
                0.19222532212734222,
                0.2643080949783325,
                -0.2125989943742752,
                -0.2674344480037689,
                -0.23501697182655334,
                0.03893675655126572,
                0.06665009260177612,
                0.22910097241401672,
                0.6858038306236267,
                0.17233990132808685,
                -0.021017061546444893,
                0.004372116643935442,
                0.22598689794540405,
                0.6582563519477844,
                -0.1795344203710556,
                -0.10445649176836014,
                0.09919171035289764,
                1.1128286123275757,
                -0.19718125462532043,
                0.5317516326904297,
                -0.184183731675148,
                -0.4851159453392029,
                -0.5491870641708374,
                -0.2234407216310501,
                0.030349651351571083,
                0.18743285536766052,
                -0.3734859228134155,
                -0.0283732358366251,
                0.4905347228050232,
                -0.20638824999332428,
                0.03915250673890114,
                0.41619786620140076,
                -0.18213210999965668,
                -0.10728105157613754,
                0.7766505479812622,
                -0.1905127316713333,
                0.028891030699014664,
                -0.504172682762146,
                -0.34034398198127747,
                0.39487743377685547,
                0.29250767827033997,
                -0.30257362127304077,
                -0.1643199771642685,
                0.29728737473487854,
                0.23552848398685455,
                -0.13073857128620148,
                0.09200040996074677,
                0.007580268662422895,
                0.341706782579422,
                -0.46708476543426514,
                -0.2033614069223404,
                0.17210543155670166,
                -0.6100177764892578,
                0.2635769248008728,
                -0.04157845675945282,
                0.4909815788269043,
                -0.45541635155677795,
                0.21079806983470917,
                0.21151119470596313,
                -0.5200334191322327,
                0.3099611699581146,
                -0.019280478358268738,
                -0.23481570184230804,
                -0.20535938441753387,
                0.09450534731149673,
                -0.17472755908966064,
                0.02364199236035347,
                0.011314268223941326,
                0.06995687633752823,
                0.430079847574234,
                -0.46377483010292053,
                -0.36612197756767273,
                0.12639294564723969,
                0.583960771560669,
                0.3686162233352661,
                -0.21319808065891266,
                -0.5860993266105652,
                0.2448301613330841,
                0.4739224910736084,
                -0.2199011892080307,
                -0.07133568823337555,
                0.11266709864139557,
                -0.5781908631324768,
                -0.4540979564189911,
                0.10108977556228638,
                -1.17183518409729,
                -0.2691184878349304,
                0.4810413718223572,
                0.47185492515563965,
                -0.08290581405162811,
                -0.1648046374320984,
                0.19003239274024963,
                -0.1388145089149475,
                0.026533430442214012,
                -0.22918462753295898,
                -0.29088354110717773,
                0.043005041778087616,
                0.1424015760421753,
                -0.02545376867055893,
                -0.099347785115242,
                -0.20294545590877533,
                0.004619373008608818,
                -0.3932761251926422,
                0.6477267742156982,
                -0.47957655787467957,
                0.02801877073943615,
                0.4152583181858063,
                -0.6997941136360168,
                -0.23316894471645355,
                0.600591778755188,
                -0.13917754590511322,
                0.3306056559085846,
                -0.08912277221679688,
                -0.48421645164489746,
                0.09637416899204254,
                -0.00793896522372961,
                0.2221916764974594,
                -0.1163596659898758,
                0.11008558422327042,
                -0.14819678664207458,
                -0.28789860010147095,
                0.15076205134391785,
                0.0888737216591835,
                -0.14089317619800568,
                0.14190275967121124,
                0.13034722208976746,
                -0.08424772322177887,
                0.017010001465678215,
                0.05166780203580856,
                0.1840844601392746,
                -0.22177499532699585,
                -0.28329360485076904,
                -0.4930740296840668,
                -0.07538391649723053,
                -0.05284903943538666,
                0.3147856593132019,
                0.42577359080314636,
                -0.6445039510726929,
                0.04074341431260109,
                -0.10300710797309875,
                -0.015508067794144154,
                0.5128490328788757,
                0.011694101616740227,
                0.36643198132514954
            ]
        },
        "descriptive_features": {
            "caption": "a small tree in the middle of the road"
        },
        "object_features": {
            "detected_objects": [
                {
                    "label": "neem",
                    "confidence": 0.775,
                    "bbox": [
                        0,
                        0,
                        600,
                        450
                    ],
                    "area_ratio": 1.0,
                    "green_ratio": 0.059,
                    "leaf_stage": "Old"
                }
            ],
            "object_count": 1
        }
    },
    {
        "image": "1834.jpg",
        "quality_metrics": {
            "blur_score": 1052.728,
            "brightness": 0.517,
            "contrast": 0.179
        },
        "semantic_features": {
            "clip_embedding": [
                0.04577773064374924,
                0.008003397844731808,
                0.11980456113815308,
                0.662900447845459,
                0.07947424799203873,
                0.37415263056755066,
                0.24382363259792328,
                0.4680095613002777,
                -0.16582795977592468,
                -0.09193772822618484,
                0.06683855503797531,
                0.40739232301712036,
                -0.6139904260635376,
                -0.3445635139942169,
                0.2463444620370865,
                -0.15167228877544403,
                -0.25438037514686584,
                -0.4006178379058838,
                0.6629889011383057,
                -0.11303839832544327,
                0.3699451982975006,
                -0.136521577835083,
                0.1709204465150833,
                0.050606101751327515,
                0.04159034043550491,
                -0.11208824068307877,
                0.06171432137489319,
                0.014316660352051258,
                0.15260547399520874,
                0.165114164352417,
                0.36172956228256226,
                0.07946843653917313,
                0.3058883547782898,
                -0.19270554184913635,
                0.4373466670513153,
                -0.29405146837234497,
                -0.3303498923778534,
                0.04774107784032822,
                0.10639841109514236,
                0.1520083248615265,
                0.10977757722139359,
                0.0976225808262825,
                0.18296338617801666,
                0.017773795872926712,
                0.14344096183776855,
                -1.1315230131149292,
                -0.49658435583114624,
                0.38974863290786743,
                0.09589536488056183,
                -0.14412319660186768,
                -0.42497724294662476,
                -0.07757582515478134,
                0.15609964728355408,
                -0.02934965118765831,
                0.18038766086101532,
                0.3738982677459717,
                -0.054884232580661774,
                -0.023647911846637726,
                -0.1679786741733551,
                0.03469357639551163,
                0.18785406649112701,
                0.04875481501221657,
                -0.2128101885318756,
                -0.23726648092269897,
                0.02059442363679409,
                -0.41606423258781433,
                0.0019700361881405115,
                0.5278980135917664,
                0.09159012883901596,
                0.31773343682289124,
                0.17000915110111237,
                0.15981125831604004,
                -0.05487212911248207,
                -0.4800809323787689,
                -0.6035327911376953,
                -0.6819414496421814,
                -0.617692232131958,
                0.17002899944782257,
                -0.2875169813632965,
                -0.48878881335258484,
                -0.17867931723594666,
                -0.4720066487789154,
                0.5404587388038635,
                -0.43873271346092224,
                -0.0671439990401268,
                -0.30462950468063354,
                0.36735063791275024,
                -0.3018321692943573,
                0.23154611885547638,
                -0.40728917717933655,
                0.23077650368213654,
                0.04823293536901474,
                -8.247302055358887,
                0.721889078617096,
                0.1740146428346634,
                0.2715710997581482,
                0.13171358406543732,
                0.15618792176246643,
                -1.5332615375518799,
                -0.27836892008781433,
                0.15519128739833832,
                0.058088622987270355,
                0.41947370767593384,
                -0.04072219878435135,
                0.14129501581192017,
                -0.1725846529006958,
                -1.5046993494033813,
                0.4564978778362274,
                -0.19688670337200165,
                -0.020337320864200592,
                0.15239141881465912,
                0.4080829620361328,
                -0.6415274143218994,
                0.3753637671470642,
                -0.29373472929000854,
                0.28184154629707336,
                -0.509771466255188,
                -0.010017943568527699,
                0.4275319278240204,
                -0.23259469866752625,
                -0.16348797082901,
                -0.9398501515388489,
                -0.032920774072408676,
                0.0433088056743145,
                0.19268321990966797,
                -0.6013975143432617,
                0.37880411744117737,
                -0.10290846228599548,
                0.029711559414863586,
                0.6881277561187744,
                -0.23733513057231903,
                -0.0953432098031044,
                -0.2786049544811249,
                0.9487525224685669,
                0.09396519511938095,
                0.4102720618247986,
                0.30141353607177734,
                -0.7123435139656067,
                0.3374759256839752,
                0.4259083867073059,
                -0.19100461900234222,
                0.4609575867652893,
                -0.5432685017585754,
                0.14633335173130035,
                -0.44644099473953247,
                0.13961152732372284,
                -0.5005569458007812,
                0.5020893812179565,
                0.014077501371502876,
                0.3540262281894684,
                0.38006553053855896,
                -0.41302886605262756,
                -0.2131522297859192,
                -0.4570399820804596,
                0.16807331144809723,
                0.10128261148929596,
                0.26721400022506714,
                -0.11724233627319336,
                0.40732434391975403,
                -0.1766899973154068,
                -0.4241590201854706,
                -0.29509496688842773,
                -0.33241549134254456,
                0.4984649121761322,
                -0.31666097044944763,
                -0.11215800791978836,
                -0.1015051081776619,
                0.3617076575756073,
                0.0025133369490504265,
                0.07037964463233948,
                -0.0032050812151283026,
                -0.007297984790056944,
                -0.06640100479125977,
                -0.15629664063453674,
                0.5653901696205139,
                -0.08745510876178741,
                0.6150932908058167,
                -0.0141656044870615,
                -0.6006255149841309,
                0.10495159029960632,
                -0.15069079399108887,
                0.3877074718475342,
                -0.3668287992477417,
                -0.0708918422460556,
                -0.026534540578722954,
                -0.06651352345943451,
                0.3322643041610718,
                0.26190146803855896,
                -0.4361759424209595,
                -0.09066271781921387,
                0.015375613234937191,
                -0.156962588429451,
                0.3598553240299225,
                0.13368292152881622,
                -0.7659193277359009,
                -0.2859843969345093,
                -0.11292774975299835,
                -0.1109483614563942,
                0.5555911064147949,
                -0.22624632716178894,
                -0.22454741597175598,
                -0.2611059248447418,
                0.11331252753734589,
                0.01479844655841589,
                0.07732069492340088,
                0.23888227343559265,
                0.23943857848644257,
                0.2284090518951416,
                -0.1539938896894455,
                0.20578207075595856,
                -0.7530777454376221,
                0.4971414804458618,
                0.0716906413435936,
                0.15717662870883942,
                -0.34972596168518066,
                0.1045505702495575,
                0.12960515916347504,
                0.09789897501468658,
                0.5938352346420288,
                0.0734725371003151,
                -0.05540076643228531,
                0.6047143340110779,
                -0.038699060678482056,
                -0.3106602728366852,
                -0.5243774056434631,
                0.19577793776988983,
                -0.34973007440567017,
                -0.36042264103889465,
                0.025340471416711807,
                -0.03449885919690132,
                -0.06664226949214935,
                -0.3015097677707672,
                -0.1290348917245865,
                -0.41134050488471985,
                -0.2073170244693756,
                0.5994483232498169,
                0.1576167494058609,
                -0.07943089306354523,
                0.17103791236877441,
                0.05354083329439163,
                0.12716621160507202,
                -0.2127741575241089,
                0.22061513364315033,
                -0.17360882461071014,
                -0.1734687238931656,
                -0.21923622488975525,
                0.4652392268180847,
                -0.16200925409793854,
                -0.16826900839805603,
                -0.3632088303565979,
                -0.45149895548820496,
                -0.05801910534501076,
                -0.09227051585912704,
                -0.38388824462890625,
                -0.222519651055336,
                0.24535951018333435,
                -0.17417411506175995,
                -0.09610353410243988,
                2.0175883769989014,
                0.2753625214099884,
                -0.05678931996226311,
                0.38697585463523865,
                0.10068825632333755,
                -0.23896773159503937,
                0.2366449385881424,
                -0.16317081451416016,
                0.03192560747265816,
                -0.25526896119117737,
                0.29060104489326477,
                -0.3293251395225525,
                -0.28863492608070374,
                -0.058746661990880966,
                -0.6290897727012634,
                0.217717245221138,
                -0.045232173055410385,
                0.17436003684997559,
                -0.26999396085739136,
                -0.030366841703653336,
                0.04131930321455002,
                0.19511616230010986,
                0.2802545726299286,
                0.19105185568332672,
                -0.31308940052986145,
                -0.07412263005971909,
                0.07096327841281891,
                -0.23076693713665009,
                -0.8402279615402222,
                0.33556708693504333,
                -0.2106994241476059,
                -0.4769577085971832,
                0.24600791931152344,
                -0.5488479137420654,
                -0.18287527561187744,
                0.06634649634361267,
                -0.11684565991163254,
                -0.43261298537254333,
                0.6630015969276428,
                0.3628067970275879,
                -0.06179344654083252,
                0.08103848248720169,
                0.2885688245296478,
                0.12106437981128693,
                -0.06983796507120132,
                -0.07204338163137436,
                0.07998931407928467,
                0.3063514828681946,
                -0.5214941501617432,
                -0.05075925588607788,
                -0.07330754399299622,
                0.15270903706550598,
                -0.03668127954006195,
                -0.33096030354499817,
                0.9466210007667542,
                -0.18972782790660858,
                -0.1767181009054184,
                0.0604575090110302,
                -0.07946585863828659,
                0.3832903802394867,
                0.005207506939768791,
                -0.9729403257369995,
                0.31185081601142883,
                1.8243674039840698,
                -0.1834365427494049,
                -0.15923763811588287,
                -0.01815563067793846,
                0.46266603469848633,
                0.25253936648368835,
                0.5571686625480652,
                -0.23058322072029114,
                0.24531403183937073,
                -0.4132421016693115,
                0.10895548015832901,
                0.14875967800617218,
                -0.41121041774749756,
                0.3142085671424866,
                0.049992673099040985,
                0.2419576346874237,
                0.13306856155395508,
                0.14674118161201477,
                0.4963318407535553,
                0.03358001261949539,
                -0.04131968691945076,
                0.43215787410736084,
                -0.06201361492276192,
                -0.19915877282619476,
                0.11507604271173477,
                -0.2143453061580658,
                0.4217976927757263,
                -0.28644564747810364,
                0.1663232445716858,
                -0.06769034266471863,
                0.08200035244226456,
                0.4852980077266693,
                0.03976185619831085,
                0.26813197135925293,
                -0.5143177509307861,
                0.6295390129089355,
                -1.254772663116455,
                0.16800160706043243,
                -0.46470698714256287,
                -0.5778807997703552,
                -0.13975095748901367,
                0.6980651021003723,
                -0.07085387408733368,
                -0.4220179617404938,
                0.34560731053352356,
                -0.34557926654815674,
                -0.23201343417167664,
                -0.02670193836092949,
                0.36218467354774475,
                0.009948112070560455,
                0.063959501683712,
                -0.48113033175468445,
                -0.3711749315261841,
                -0.017415519803762436,
                0.3460666537284851,
                0.4595225155353546,
                0.07112307846546173,
                0.2161332666873932,
                -0.1620924174785614,
                0.010578842833638191,
                0.25391140580177307,
                -0.13413909077644348,
                -0.45236408710479736,
                0.25616565346717834,
                0.9671245813369751,
                -0.05081683397293091,
                0.312849760055542,
                -0.33875808119773865,
                0.14819525182247162,
                -0.06053626164793968,
                -0.4399615526199341,
                0.283704936504364,
                0.4792610704898834,
                -0.17497369647026062,
                0.0772090032696724,
                0.7300873398780823,
                -0.21179966628551483,
                -0.12016219645738602,
                0.04580629616975784,
                -0.21236173808574677,
                -0.14951694011688232,
                0.3303481638431549,
                -0.2905973196029663,
                0.08757299929857254,
                -0.16316315531730652,
                -0.275119423866272,
                0.1197696402668953,
                0.5116675496101379,
                -0.5578365921974182,
                0.1800001710653305,
                0.34139731526374817,
                0.06457236409187317,
                -0.012837463989853859,
                -0.10952749103307724,
                0.2722557783126831,
                0.5293260812759399,
                -0.16909396648406982,
                -0.05588151887059212,
                0.26535022258758545,
                -0.13436411321163177,
                -0.038878925144672394,
                -0.05937526002526283,
                -0.5252217650413513,
                0.005050949286669493,
                -0.0070950607769191265,
                -0.05721919238567352,
                -0.11819002777338028,
                -0.8718956708908081,
                0.07973616570234299,
                0.08878378570079803,
                0.008103882893919945,
                0.48465660214424133,
                0.07639675587415695,
                -0.22877554595470428,
                0.08339153975248337,
                -0.047747544944286346,
                0.20451943576335907,
                -0.09098915010690689,
                -0.3534727394580841,
                0.2508574426174164,
                0.4834565222263336,
                0.22968393564224243,
                -0.21965019404888153,
                -0.45156750082969666,
                -0.12768788635730743,
                0.39598727226257324,
                -0.6432086229324341,
                0.14682894945144653,
                0.15310385823249817,
                0.2964063882827759,
                0.13200457394123077,
                0.1923145204782486,
                -1.2422336339950562,
                -0.1460544615983963,
                0.36646565794944763,
                0.17134739458560944,
                -0.3397410213947296,
                -0.13097262382507324,
                -0.03211458772420883,
                -0.3627094030380249,
                0.1453842967748642,
                -0.2138533741235733,
                -0.646882176399231,
                0.0805802270770073,
                -0.09321898967027664,
                -0.12802842259407043,
                0.07041824609041214,
                -0.09715567529201508,
                0.17991477251052856,
                -0.1345430314540863,
                0.4793923795223236,
                -0.46317416429519653,
                0.27647510170936584,
                -0.14890582859516144,
                -0.5603014230728149,
                0.05192987993359566,
                0.6401063203811646,
                -0.09009458124637604,
                0.08810752630233765,
                -0.13004320859909058,
                -0.0008879070519469678,
                0.4432120621204376,
                0.21038520336151123,
                0.21731576323509216,
                -0.14256010949611664,
                0.19787634909152985,
                0.2533126473426819,
                -0.19075842201709747,
                0.010326426476240158,
                0.4663049280643463,
                0.15128931403160095,
                -0.09750733524560928,
                -0.39038804173469543,
                0.3836458623409271,
                -0.15324340760707855,
                0.11630090326070786,
                0.09697306901216507,
                0.36189255118370056,
                -0.14523859322071075,
                -0.2327071726322174,
                -0.08680262416601181,
                0.19956880807876587,
                0.0567191056907177,
                0.7212737202644348,
                -0.30577409267425537,
                -0.07858064770698547,
                -0.36951011419296265,
                -0.006792292930185795,
                0.3647783696651459,
                0.014935262501239777,
                0.40688109397888184
            ]
        },
        "descriptive_features": {
            "caption": "a small tree growing in the ground"
        },
        "object_features": {
            "detected_objects": [
                {
                    "label": "neem",
                    "confidence": 0.99,
                    "bbox": [
                        0,
                        0,
                        600,
                        450
                    ],
                    "area_ratio": 1.0,
                    "green_ratio": 0.047,
                    "leaf_stage": "Old"
                }
            ],
            "object_count": 1
        }
    },
    {
        "image": "1806.jpg",
        "quality_metrics": {
            "blur_score": 858.845,
            "brightness": 0.725,
            "contrast": 0.101
        },
        "semantic_features": {
            "clip_embedding": [
                -0.44383224844932556,
                -0.06734393537044525,
                -0.044928211718797684,
                0.08218852430582047,
                0.33008748292922974,
                0.1046101376414299,
                -0.04921453446149826,
                -0.6043660044670105,
                -0.057120729237794876,
                -0.23163454234600067,
                -0.0010074590099975467,
                0.37217357754707336,
                -0.80283522605896,
                -0.09443322569131851,
                0.36670568585395813,
                0.32454636693000793,
                0.4045647084712982,
                -0.15603646636009216,
                0.3889290392398834,
                -0.30835413932800293,
                0.1934278905391693,
                -0.13116499781608582,
                0.31605321168899536,
                -0.24015355110168457,
                -0.3115383982658386,
                0.030107835307717323,
                0.3094424903392792,
                0.3555007874965668,
                0.24234504997730255,
                -0.0992317944765091,
                0.4085376560688019,
                0.09567226469516754,
                0.019269615411758423,
                -0.408659428358078,
                0.1647859364748001,
                -0.478074312210083,
                -0.13891136646270752,
                -0.19899895787239075,
                0.2956410050392151,
                0.2445347011089325,
                0.24470357596874237,
                0.1052500382065773,
                -0.09430906176567078,
                -0.017664173617959023,
                -0.015466547571122646,
                -1.549180030822754,
                -0.5058517456054688,
                0.1379772126674652,
                -0.29156818985939026,
                0.05909765884280205,
                -0.16303017735481262,
                0.01794002577662468,
                0.027834385633468628,
                -0.5725870728492737,
                0.45343121886253357,
                0.33186468482017517,
                0.08777744323015213,
                -0.16393353044986725,
                0.7368393540382385,
                0.07695946842432022,
                0.05616067349910736,
                -0.10983225703239441,
                0.026478158310055733,
                0.07241019606590271,
                -0.2928085923194885,
                -0.3312360346317291,
                -0.5017196536064148,
                0.4099123179912567,
                0.12666581571102142,
                -0.05913466215133667,
                0.22714722156524658,
                -0.007766456808894873,
                0.09542625397443771,
                -0.436424195766449,
                -0.33609306812286377,
                -0.6870301365852356,
                -0.7265409827232361,
                0.7182191610336304,
                -0.7719880938529968,
                -0.19233036041259766,
                -0.1042298823595047,
                0.04380982369184494,
                0.3944726288318634,
                -0.6899189352989197,
                0.07727687805891037,
                -0.16004809737205505,
                0.7340595722198486,
                -0.5264980792999268,
                -0.22424839437007904,
                0.11841768026351929,
                0.16757729649543762,
                0.17343467473983765,
                -7.042265892028809,
                -0.1482071727514267,
                0.4113587737083435,
                0.17167724668979645,
                -0.004445316269993782,
                -0.03790327161550522,
                -1.60725998878479,
                0.08491294085979462,
                -0.07714197784662247,
                0.43492886424064636,
                -0.016888171434402466,
                -0.14680449664592743,
                -0.48101887106895447,
                0.09717822819948196,
                -0.28255584836006165,
                0.1217024177312851,
                -0.243299663066864,
                -0.11412982642650604,
                0.6487668752670288,
                -0.0844610407948494,
                -0.3291703760623932,
                0.3890329599380493,
                -0.08426807820796967,
                0.11603949964046478,
                -0.08915888518095016,
                0.2324630469083786,
                0.024419981986284256,
                0.3439667522907257,
                0.08493088185787201,
                -0.7551515102386475,
                0.0005870407330803573,
                0.428586483001709,
                -0.041780803352594376,
                -0.30919337272644043,
                0.33669209480285645,
                0.17717619240283966,
                0.03929876908659935,
                0.6621291041374207,
                0.2939367890357971,
                -0.1353265643119812,
                -0.4985172152519226,
                0.8724613189697266,
                0.014298989437520504,
                0.011567721143364906,
                0.1506132334470749,
                0.20415687561035156,
                0.11303943395614624,
                -0.06363950669765472,
                -0.21144676208496094,
                0.12537144124507904,
                -0.46667441725730896,
                0.18082363903522491,
                -0.616057276725769,
                -0.14591243863105774,
                -0.8097896575927734,
                0.8351716995239258,
                0.10670876502990723,
                0.23086217045783997,
                0.20363377034664154,
                -0.41792821884155273,
                -0.21675235033035278,
                -0.36584874987602234,
                0.1386050581932068,
                0.243056058883667,
                -0.09310237318277359,
                0.1426578313112259,
                0.27986112236976624,
                -0.12823647260665894,
                -0.40948286652565,
                0.072527214884758,
                -0.3686615526676178,
                0.25421035289764404,
                -0.3540622591972351,
                -0.056581564247608185,
                -0.13829144835472107,
                0.5342772603034973,
                -0.16632179915905,
                0.25777772068977356,
                0.3027113378047943,
                -0.23998017609119415,
                -0.22307635843753815,
                0.056651193648576736,
                0.2244340479373932,
                -0.14147600531578064,
                -0.15260443091392517,
                0.05822281539440155,
                -0.4938240349292755,
                -0.28351113200187683,
                0.30916011333465576,
                0.2089591771364212,
                0.11344234645366669,
                -0.007774540688842535,
                -0.41705137491226196,
                -0.003303766483440995,
                0.04735208675265312,
                0.25906139612197876,
                -0.12872470915317535,
                -0.0709139034152031,
                -0.29621365666389465,
                -0.07620162516832352,
                0.07243946194648743,
                0.19617082178592682,
                -1.1348093748092651,
                -0.29665935039520264,
                -0.0210832878947258,
                -0.15085820853710175,
                0.5982354283332825,
                -0.015356290154159069,
                -0.04220649600028992,
                -0.6038579940795898,
                0.25500163435935974,
                -0.14406470954418182,
                0.04443387687206268,
                0.3511497378349304,
                0.327869176864624,
                0.20787972211837769,
                -0.22148574888706207,
                0.5429757833480835,
                -0.9616525769233704,
                0.3738851845264435,
                0.5523613095283508,
                0.3131329417228699,
                -0.08458265662193298,
                0.42350488901138306,
                -0.21531064808368683,
                0.07468044757843018,
                0.6325752139091492,
                0.22065436840057373,
                0.18864300847053528,
                -0.0888076201081276,
                0.22584261000156403,
                -0.535031795501709,
                -0.4397846758365631,
                0.20961715281009674,
                0.09696882963180542,
                -0.2368900030851364,
                0.2668813467025757,
                -0.15292012691497803,
                0.020038951188325882,
                -0.47296571731567383,
                0.22216090559959412,
                -0.2373606115579605,
                -0.13903096318244934,
                0.06378835439682007,
                0.3662414252758026,
                0.1793411374092102,
                -0.07741457223892212,
                -0.051857076585292816,
                0.22758303582668304,
                -0.029377594590187073,
                0.4513208866119385,
                -0.26335808634757996,
                -0.17197337746620178,
                -0.3267684876918793,
                0.7063318490982056,
                -0.07308583706617355,
                0.008067543618381023,
                -0.6197143197059631,
                -0.3378269374370575,
                -0.46784475445747375,
                0.028890104964375496,
                0.01870979368686676,
                -0.1349884271621704,
                0.00030797944054938853,
                -0.11110290139913559,
                -0.005021289922297001,
                1.7341035604476929,
                0.3628581464290619,
                -0.14261245727539062,
                0.4703669548034668,
                0.18174923956394196,
                0.5291861295700073,
                0.24598528444766998,
                0.025699276477098465,
                -0.08574189990758896,
                -0.029315421357750893,
                0.1694987267255783,
                -0.32966557145118713,
                0.013250267133116722,
                0.04124610871076584,
                -0.8445634245872498,
                0.10928446054458618,
                0.1388693004846573,
                0.347769170999527,
                -0.16052918136119843,
                0.017541294917464256,
                -0.039500683546066284,
                -0.32306408882141113,
                0.23480945825576782,
                0.3293825685977936,
                -0.36748725175857544,
                -0.25013336539268494,
                0.03681105747818947,
                -0.10606153309345245,
                0.05210897698998451,
                0.11285284161567688,
                -0.3701269030570984,
                -0.2460952252149582,
                -0.09961510449647903,
                -0.11713039129972458,
                -0.42555150389671326,
                0.0937386006116867,
                -0.1073685735464096,
                -0.503725528717041,
                0.315243124961853,
                0.30039605498313904,
                0.35352957248687744,
                0.21571345627307892,
                0.06146395206451416,
                0.06905284523963928,
                0.2747117280960083,
                -0.20538121461868286,
                -0.005328633822500706,
                -0.023934513330459595,
                -0.7686545848846436,
                -0.4676925539970398,
                0.18551623821258545,
                0.14131572842597961,
                0.30175265669822693,
                -0.7534480094909668,
                0.8704612851142883,
                -0.06269019097089767,
                -0.36051633954048157,
                0.07204341143369675,
                -0.3339073657989502,
                0.2784774601459503,
                -0.3327605128288269,
                -0.8642746806144714,
                0.21359841525554657,
                2.010021686553955,
                -0.25102338194847107,
                -0.15814520418643951,
                0.2824578583240509,
                0.11734611541032791,
                0.20371286571025848,
                0.07543213665485382,
                -0.11048941314220428,
                -0.06491409987211227,
                -0.4392741620540619,
                -0.08258508145809174,
                0.16259078681468964,
                -0.06026748940348625,
                -0.17386692762374878,
                0.12777450680732727,
                0.2550565004348755,
                0.29235294461250305,
                0.23543007671833038,
                0.8394474983215332,
                0.21406476199626923,
                0.07045961171388626,
                0.3716547191143036,
                0.06798116117715836,
                -0.13079868257045746,
                0.31903690099716187,
                -0.5746601819992065,
                0.4571950137615204,
                0.0391630120575428,
                -0.0482611358165741,
                -0.2526595890522003,
                0.12763187289237976,
                0.661034345626831,
                0.16184164583683014,
                0.3660832643508911,
                -1.0796430110931396,
                0.6030347347259521,
                -0.4401301443576813,
                0.2986193299293518,
                0.2250194549560547,
                -0.5019746422767639,
                0.042142681777477264,
                0.5913349986076355,
                -0.10094291716814041,
                -0.03411628305912018,
                0.099953792989254,
                -0.17856311798095703,
                -0.16750580072402954,
                0.26457610726356506,
                0.20658019185066223,
                -0.015391822904348373,
                -0.20188088715076447,
                -0.5625885725021362,
                -0.19569118320941925,
                -0.2705937623977661,
                0.005514911841601133,
                -0.37981516122817993,
                -0.058366380631923676,
                -0.21252284944057465,
                -0.2556104063987732,
                0.24616016447544098,
                0.35467997193336487,
                0.06733378767967224,
                -0.5153944492340088,
                0.10207953304052353,
                1.2546062469482422,
                0.06384005397558212,
                0.39416036009788513,
                -0.3587172031402588,
                -1.8267687559127808,
                0.14486455917358398,
                -0.5916181206703186,
                0.0789654478430748,
                0.002158199902623892,
                -0.013700106181204319,
                -0.06741295009851456,
                0.44133955240249634,
                -0.47405290603637695,
                -0.2950533926486969,
                0.28165721893310547,
                0.0656626746058464,
                -0.30891212821006775,
                0.5495399832725525,
                -0.274812787771225,
                0.2152835875749588,
                0.05957512930035591,
                -0.37935230135917664,
                -0.02212720550596714,
                0.5394551157951355,
                -0.37564972043037415,
                0.13039587438106537,
                0.27977314591407776,
                -0.1990339308977127,
                0.30155840516090393,
                -0.20866388082504272,
                0.11268967390060425,
                0.21013309061527252,
                -0.08088971674442291,
                -0.3489864468574524,
                0.07996732741594315,
                -0.3185010850429535,
                -0.16536127030849457,
                -0.13245922327041626,
                0.11016500741243362,
                -0.07265753298997879,
                0.10615760087966919,
                0.20055334270000458,
                -0.33603689074516296,
                0.4637700617313385,
                0.028094295412302017,
                0.1828409880399704,
                -0.46605417132377625,
                0.21329659223556519,
                -0.19050928950309753,
                -0.09687592089176178,
                -0.4351825416088104,
                -0.5346263647079468,
                0.588079035282135,
                -0.46787139773368835,
                -0.7114389538764954,
                0.19129423797130585,
                0.5124890804290771,
                0.15753783285617828,
                0.03499802201986313,
                -0.6208764314651489,
                0.06823223829269409,
                0.39825448393821716,
                -0.21012119948863983,
                0.058438077569007874,
                0.11226396262645721,
                0.01696527749300003,
                0.18431931734085083,
                0.029490096494555473,
                -1.3972939252853394,
                0.09116145968437195,
                0.18059979379177094,
                0.28673237562179565,
                -0.3259360194206238,
                -0.11935687810182571,
                0.28576958179473877,
                -0.13625985383987427,
                -0.07501021027565002,
                -0.026475969702005386,
                -0.4182033836841583,
                -0.04181594029068947,
                0.04476868733763695,
                -0.10806974768638611,
                0.03739216923713684,
                0.03603791072964668,
                0.1558074653148651,
                -0.27834686636924744,
                0.2874341607093811,
                -0.2777556777000427,
                0.4433928430080414,
                -0.06564993411302567,
                -0.40901979804039,
                -0.09843085706233978,
                0.07375490665435791,
                0.16482482850551605,
                0.03385983780026436,
                -0.1695275604724884,
                0.1173844188451767,
                0.35359323024749756,
                0.3675025701522827,
                0.05631763115525246,
                0.19177928566932678,
                0.1844305396080017,
                -0.3995417058467865,
                -0.11177647113800049,
                0.35517749190330505,
                0.16189686954021454,
                0.06156577914953232,
                0.08936191350221634,
                -0.0706481859087944,
                0.5615603923797607,
                0.08340989053249359,
                0.24242468178272247,
                -0.47818711400032043,
                0.1148637905716896,
                -0.1133531779050827,
                -0.3677876591682434,
                -0.11613763123750687,
                0.06851761788129807,
                -0.11823777854442596,
                0.4825810492038727,
                0.03333491459488869,
                -0.35510683059692383,
                0.18516841530799866,
                -0.2920109033584595,
                0.6496658325195312,
                -0.30933815240859985,
                0.2452394813299179
            ]
        },
        "descriptive_features": {
            "caption": "a small plant growing out of the ground"
        },
        "object_features": {
            "detected_objects": [
                {
                    "label": "neem",
                    "confidence": 0.989,
                    "bbox": [
                        0,
                        0,
                        600,
                        450
                    ],
                    "area_ratio": 1.0,
                    "green_ratio": 0.04,
                    "leaf_stage": "Old"
                }
            ],
            "object_count": 1
        }
    },
    {
        "image": "1828.jpg",
        "quality_metrics": {
            "blur_score": 731.43,
            "brightness": 0.51,
            "contrast": 0.22
        },
        "semantic_features": {
            "clip_embedding": [
                -0.13592830300331116,
                0.4173754155635834,
                0.30692920088768005,
                0.4596000015735626,
                0.20771391689777374,
                0.3487863540649414,
                0.10886916518211365,
                -0.6866934299468994,
                -0.024594271555542946,
                -0.43596935272216797,
                -0.19814158976078033,
                0.05749467760324478,
                -0.2798716127872467,
                -0.3216851055622101,
                -0.04008402302861214,
                0.15907058119773865,
                0.1706114560365677,
                -0.30225706100463867,
                -0.12251017987728119,
                -0.07028616219758987,
                -0.19045604765415192,
                -0.01879151165485382,
                0.28250691294670105,
                -0.18819600343704224,
                -0.22570031881332397,
                -0.08869850635528564,
                0.12363307923078537,
                0.11649177968502045,
                0.46808502078056335,
                0.24168884754180908,
                0.3822725713253021,
                0.4072549343109131,
                -0.19500626623630524,
                -0.4421602785587311,
                0.3003575801849365,
                -0.37829312682151794,
                -0.08241111040115356,
                0.28601187467575073,
                -0.17116031050682068,
                0.22907938063144684,
                0.10746502131223679,
                -0.09456639736890793,
                0.28945887088775635,
                0.10776010900735855,
                -0.2508448660373688,
                -0.035885538905858994,
                -0.3597775101661682,
                0.02372550778090954,
                -0.1194152757525444,
                0.028998510912060738,
                0.0517602413892746,
                -0.017215562984347343,
                0.031775105744600296,
                -0.4995640814304352,
                0.11713951826095581,
                0.5144491195678711,
                -0.053134333342313766,
                0.17409434914588928,
                0.07127243280410767,
                0.20208536088466644,
                -0.2345682680606842,
                -0.11040645092725754,
                -0.12377773970365524,
                0.11263547837734222,
                -0.0339808352291584,
                -0.1296968311071396,
                -0.09668858349323273,
                0.9353157877922058,
                -0.1406223475933075,
                -0.11613863706588745,
                0.4783594012260437,
                0.20688235759735107,
                -0.052762050181627274,
                -0.304005891084671,
                -0.23641549050807953,
                -0.36443814635276794,
                -0.12699812650680542,
                0.10915618389844894,
                -0.6961327791213989,
                -0.42359665036201477,
                -0.3606722950935364,
                0.21459415555000305,
                0.11113506555557251,
                -0.9248211979866028,
                0.393823504447937,
                0.019306745380163193,
                -0.20128287374973297,
                -0.21513690054416656,
                -0.02855379693210125,
                -0.26181647181510925,
                0.05879530310630798,
                -0.5493351817131042,
                -7.958346843719482,
                -0.041862186044454575,
                -0.2200181484222412,
                0.2692263126373291,
                -0.10943924635648727,
                0.16669175028800964,
                -1.3055227994918823,
                0.700900137424469,
                0.0883888229727745,
                0.07093223184347153,
                0.19680839776992798,
                -0.16620437800884247,
                -0.30530935525894165,
                -0.26718565821647644,
                -1.3003623485565186,
                0.024042796343564987,
                0.20950131118297577,
                -0.10490576922893524,
                0.07386994361877441,
                -0.03955835476517677,
                -0.34308895468711853,
                0.06018143519759178,
                -0.12663206458091736,
                -0.161811962723732,
                0.03469410538673401,
                0.010640871711075306,
                0.42414721846580505,
                -0.3274330496788025,
                -0.004289138130843639,
                -0.7296557426452637,
                -0.013303468935191631,
                0.2802640199661255,
                0.1607511043548584,
                -0.06268858164548874,
                -0.029683202505111694,
                -0.2718968987464905,
                0.09976425021886826,
                0.07737679779529572,
                -0.18189173936843872,
                -0.12417270988225937,
                -0.14078105986118317,
                0.954992949962616,
                -0.019782444462180138,
                0.14771109819412231,
                -0.11430961638689041,
                -0.5623990297317505,
                0.118301622569561,
                0.11995591223239899,
                -0.1538991630077362,
                0.5196540355682373,
                -0.7271745204925537,
                -0.08791689574718475,
                -0.43824052810668945,
                0.1323668658733368,
                -0.12925085425376892,
                0.6093170046806335,
                0.1721048653125763,
                0.1247766986489296,
                0.3729071021080017,
                -0.01634899154305458,
                -0.6397873759269714,
                -0.5278176069259644,
                -0.1826251745223999,
                -0.006218251306563616,
                0.17911267280578613,
                0.37760040163993835,
                0.14200299978256226,
                -0.14783325791358948,
                -0.11347856372594833,
                0.050023291260004044,
                -0.03960926830768585,
                -0.10733521729707718,
                -0.14874184131622314,
                0.08849913626909256,
                -0.6436061859130859,
                0.5891874432563782,
                -0.06831668317317963,
                0.1334846317768097,
                0.3239186108112335,
                -0.08925177901983261,
                -0.09431648254394531,
                -0.03994033485651016,
                0.34779784083366394,
                0.1595066338777542,
                0.28166308999061584,
                0.3957042098045349,
                -0.6092858910560608,
                -0.1397552639245987,
                0.20150497555732727,
                0.004177590366452932,
                -0.36163070797920227,
                -0.2176475077867508,
                -0.12946529686450958,
                0.19222906231880188,
                0.07216300070285797,
                -0.06983304768800735,
                -0.48702993988990784,
                -0.010162127204239368,
                0.16032445430755615,
                -0.1380561739206314,
                -0.0964469164609909,
                -0.1294325739145279,
                -1.192858099937439,
                -0.1815107762813568,
                -0.145025372505188,
                0.08029872179031372,
                0.11440971493721008,
                -0.6813374161720276,
                -0.0609293095767498,
                -0.2989974915981293,
                0.26639774441719055,
                0.16971692442893982,
                -0.3112678527832031,
                0.36794987320899963,
                0.08260418474674225,
                0.2246784120798111,
                -0.24204620718955994,
                0.19726669788360596,
                -0.9258077144622803,
                0.6068132519721985,
                0.19542467594146729,
                -0.12343182414770126,
                -0.2602572441101074,
                -0.14936643838882446,
                0.166761577129364,
                0.07890038937330246,
                0.2498910129070282,
                0.36930152773857117,
                -0.01525344792753458,
                0.16186265647411346,
                0.19314472377300262,
                -0.14779064059257507,
                -0.3128909766674042,
                0.18632234632968903,
                -0.05892733857035637,
                0.06907366216182709,
                0.08721084892749786,
                0.16529709100723267,
                -0.25320833921432495,
                -0.23191452026367188,
                -0.09684343636035919,
                -0.13622187077999115,
                -0.06245801970362663,
                0.4620745778083801,
                0.11427720636129379,
                -0.11784741282463074,
                -0.39916831254959106,
                0.04568088427186012,
                -0.19423183798789978,
                -0.09190289676189423,
                0.15934939682483673,
                0.2027599960565567,
                -0.17744995653629303,
                -0.38254183530807495,
                0.14935484528541565,
                0.6690772771835327,
                0.20808714628219604,
                0.06914462149143219,
                -0.8876132369041443,
                -0.0072523439303040504,
                -0.25055718421936035,
                0.20290620625019073,
                -0.18697360157966614,
                0.21647115051746368,
                -0.4277973771095276,
                0.1190042793750763,
                2.1319668292999268,
                0.05570841580629349,
                -0.5785016417503357,
                0.3206894099712372,
                -0.10281822085380554,
                0.846543550491333,
                -0.11101039499044418,
                -0.35022327303886414,
                -0.1433442384004593,
                -0.06643905490636826,
                0.270862340927124,
                -0.07405859977006912,
                -0.009247529320418835,
                0.15651337802410126,
                -0.24467918276786804,
                0.08038866519927979,
                -0.20364707708358765,
                0.2624469995498657,
                -0.22367101907730103,
                -0.040769368410110474,
                0.10714006423950195,
                -0.4400838613510132,
                -0.09507560729980469,
                -0.0160361398011446,
                -0.2993079125881195,
                -0.017803022637963295,
                -0.07426953315734863,
                0.005383041221648455,
                -0.4152061641216278,
                0.5620100498199463,
                -0.11303145438432693,
                -0.660073459148407,
                0.4020962715148926,
                -0.1307709664106369,
                -0.38685306906700134,
                0.2613127827644348,
                0.2545097768306732,
                -0.007397470064461231,
                0.5604811310768127,
                0.17080305516719818,
                0.32176274061203003,
                -0.07508975267410278,
                0.16447794437408447,
                0.1855178028345108,
                -0.13008888065814972,
                0.1478271782398224,
                0.20273013412952423,
                -0.39838066697120667,
                0.02781594544649124,
                -0.02180556394159794,
                -0.18392913043498993,
                0.3869771361351013,
                0.2770695984363556,
                -0.47989094257354736,
                0.9537458419799805,
                0.04380880296230316,
                0.05015582591295242,
                0.009669769555330276,
                0.008444591425359249,
                0.16758447885513306,
                0.4077168405056,
                -1.2409392595291138,
                -0.35647016763687134,
                1.28915536403656,
                -0.25506243109703064,
                0.3329090476036072,
                -0.10659214109182358,
                0.1968529224395752,
                0.1611185520887375,
                -0.0887850895524025,
                0.016331013292074203,
                0.3471411466598511,
                -0.019956735894083977,
                -0.34076201915740967,
                0.021973393857479095,
                -0.432936429977417,
                0.5236528515815735,
                -0.07837280631065369,
                0.33394530415534973,
                0.4158047139644623,
                -0.14878733456134796,
                0.3636760711669922,
                -0.13615629076957703,
                0.012706763111054897,
                0.5408144593238831,
                0.24034014344215393,
                -0.2144494205713272,
                0.3596959412097931,
                -0.14300328493118286,
                0.21230892837047577,
                -0.10308554768562317,
                0.11622899770736694,
                0.2339593470096588,
                0.05709727108478546,
                0.699715793132782,
                0.41119417548179626,
                0.2261195331811905,
                -1.1088601350784302,
                0.42717817425727844,
                -0.12443877756595612,
                0.23182296752929688,
                -0.13838304579257965,
                -0.4242325723171234,
                0.02305321767926216,
                0.8702176809310913,
                -0.4132575988769531,
                -0.11309972405433655,
                0.5517152547836304,
                -0.0028380490839481354,
                0.24135103821754456,
                -0.01710706204175949,
                0.47541993856430054,
                -0.4682048261165619,
                -0.1915789544582367,
                0.07061001658439636,
                0.016431370750069618,
                0.31168633699417114,
                0.23058226704597473,
                0.78684002161026,
                0.09152922034263611,
                -0.2626018226146698,
                -0.12168236821889877,
                0.30462735891342163,
                0.2662234306335449,
                0.2505858838558197,
                -0.13621799647808075,
                0.506635844707489,
                0.7162766456604004,
                -0.05307437479496002,
                0.08354869484901428,
                -0.05052771419286728,
                -0.6150379776954651,
                -0.1936933547258377,
                -0.1874198466539383,
                0.04781770333647728,
                -0.21330265700817108,
                -0.2132318913936615,
                -0.14762353897094727,
                0.15180042386054993,
                -0.008617562241852283,
                -0.13792142271995544,
                -0.16664592921733856,
                -0.3148716986179352,
                -0.11937019973993301,
                0.5050937533378601,
                0.1483936458826065,
                0.0954485610127449,
                0.0449771024286747,
                -0.14511889219284058,
                0.19854548573493958,
                0.6389097571372986,
                -0.18818774819374084,
                -0.04064255952835083,
                -0.18515737354755402,
                0.1338421106338501,
                -0.08989431709051132,
                0.18638283014297485,
                0.09611095488071442,
                0.20008274912834167,
                -0.06076711788773537,
                -0.21199490129947662,
                0.07084114849567413,
                -0.6168676018714905,
                0.2176760584115982,
                0.2699744701385498,
                0.5196005702018738,
                -0.2521464228630066,
                0.04065948724746704,
                0.24434588849544525,
                -0.7411311268806458,
                0.4150734841823578,
                -0.16505715250968933,
                0.23174992203712463,
                -0.18580839037895203,
                0.3414851427078247,
                0.031491465866565704,
                -0.12888963520526886,
                -0.24768349528312683,
                -0.38226598501205444,
                0.20913684368133545,
                -0.5757560133934021,
                -0.3387589454650879,
                0.041711073368787766,
                0.3509678244590759,
                0.6573610305786133,
                -0.20317336916923523,
                -0.31414783000946045,
                0.48421651124954224,
                0.29394224286079407,
                0.10410919785499573,
                -0.1170341819524765,
                -0.0054350136779248714,
                -0.4114449620246887,
                -0.3711608648300171,
                -0.14873450994491577,
                -1.341812252998352,
                -0.02424745261669159,
                -0.0442601814866066,
                0.32838666439056396,
                -0.18755429983139038,
                -0.25093647837638855,
                0.021002598106861115,
                0.15651138126850128,
                -0.19887055456638336,
                0.018281908705830574,
                -0.38070598244667053,
                -0.31815725564956665,
                0.09907273203134537,
                0.13163118064403534,
                -0.19331662356853485,
                0.0752750113606453,
                -0.132439523935318,
                -0.506138801574707,
                0.5683897733688354,
                -0.28385770320892334,
                0.4290117919445038,
                -0.049122732132673264,
                -0.698980450630188,
                -0.17076116800308228,
                0.11912553757429123,
                -0.24440963566303253,
                0.5289878845214844,
                -0.11145716905593872,
                0.631878137588501,
                -0.176394984126091,
                0.22054924070835114,
                0.2330765724182129,
                -0.29795145988464355,
                0.18990306556224823,
                -0.18098081648349762,
                -0.15831808745861053,
                0.003091120393946767,
                0.13911066949367523,
                0.10563188046216965,
                0.09360116720199585,
                0.2646338641643524,
                -0.026238081976771355,
                -0.07082762569189072,
                0.13023842871189117,
                0.07147714495658875,
                -0.2938448190689087,
                -0.04064062610268593,
                -0.300241619348526,
                0.13598378002643585,
                0.17409592866897583,
                0.35666629672050476,
                0.3155969977378845,
                -0.5660589337348938,
                0.0791604071855545,
                0.09647956490516663,
                0.045496005564928055,
                1.3202639818191528,
                0.16388902068138123,
                0.4299902617931366
            ]
        },
        "descriptive_features": {
            "caption": "a person holding a small plant in their hand"
        },
        "object_features": {
            "detected_objects": [
                {
                    "label": "neem",
                    "confidence": 0.964,
                    "bbox": [
                        0,
                        0,
                        600,
                        283
                    ],
                    "area_ratio": 1.0,
                    "green_ratio": 0.078,
                    "leaf_stage": "Old"
                }
            ],
            "object_count": 1
        }
    },
    {
        "image": "1810.jpg",
        "quality_metrics": {
            "blur_score": 1482.002,
            "brightness": 0.565,
            "contrast": 0.149
        },
        "semantic_features": {
            "clip_embedding": [
                -0.5846094489097595,
                0.06685256958007812,
                0.08635035902261734,
                0.4883846044540405,
                -0.015239815227687359,
                0.44693002104759216,
                0.2681962251663208,
                -1.1074861288070679,
                0.12389003485441208,
                -0.5765451192855835,
                0.0731082335114479,
                0.30307289958000183,
                -0.3133537769317627,
                -0.4633552134037018,
                0.015233000740408897,
                0.16504903137683868,
                0.2860167920589447,
                -0.14489297568798065,
                0.40598174929618835,
                -0.1574462205171585,
                0.04220552742481232,
                -0.19979862868785858,
                0.37550514936447144,
                -0.38393476605415344,
                -0.3615458309650421,
                -0.023156099021434784,
                0.18842004239559174,
                -0.08395333588123322,
                0.28840285539627075,
                -0.06436485052108765,
                0.6209543347358704,
                -0.20365144312381744,
                0.07416699081659317,
                -0.6867347359657288,
                0.4856109619140625,
                -0.49825793504714966,
                -0.2309979349374771,
                0.036207154393196106,
                -0.03249359130859375,
                0.5033154487609863,
                0.19246459007263184,
                0.09841492027044296,
                -0.06412604451179504,
                0.24680323898792267,
                0.14360825717449188,
                -1.43669855594635,
                -0.06291461735963821,
                0.16700327396392822,
                -0.34924912452697754,
                0.38977962732315063,
                -0.2448522299528122,
                -0.11537192761898041,
                0.1149459034204483,
                -0.41699305176734924,
                0.11075921356678009,
                0.6443035006523132,
                -0.028199585154652596,
                -0.15080991387367249,
                0.2837260663509369,
                0.17538322508335114,
                -0.07337278872728348,
                0.07285689562559128,
                -0.441741019487381,
                0.1275612711906433,
                -0.2042083889245987,
                -0.22795483469963074,
                -0.06985188275575638,
                0.6881642937660217,
                -0.11636736243963242,
                -0.13477830588817596,
                0.10459676384925842,
                0.4593510329723358,
                0.20350381731987,
                -0.24760204553604126,
                -0.30890005826950073,
                -0.5262216329574585,
                -0.18777449429035187,
                0.13967782258987427,
                -0.80867600440979,
                -0.21815504133701324,
                -0.059604939073324203,
                -0.15220504999160767,
                0.1625770628452301,
                -0.7992771863937378,
                0.2829705476760864,
                0.04164685681462288,
                0.1738704890012741,
                -0.4226940870285034,
                0.06798076629638672,
                -0.4558781385421753,
                0.09660553187131882,
                -0.2913784384727478,
                -7.59751558303833,
                -0.2044951617717743,
                0.18574538826942444,
                0.21511004865169525,
                -0.11214704811573029,
                0.16081517934799194,
                -1.5360432863235474,
                0.2668701708316803,
                -0.22738203406333923,
                0.38284096121788025,
                -0.08447149395942688,
                -0.25162801146507263,
                -0.355538547039032,
                -0.08743927627801895,
                -1.655968427658081,
                -0.08529475331306458,
                0.07200179994106293,
                -0.22988498210906982,
                0.21843567490577698,
                -0.47541284561157227,
                -0.48729634284973145,
                0.4241504669189453,
                0.033186327666044235,
                -0.03676794096827507,
                -0.31429368257522583,
                0.4854655861854553,
                0.14367333054542542,
                -0.229906365275383,
                0.21597248315811157,
                -0.14804206788539886,
                0.03860921412706375,
                0.051187656819820404,
                -0.09452472627162933,
                -0.017950650304555893,
                0.3669756054878235,
                -0.11615472286939621,
                -0.08183247596025467,
                0.3144129514694214,
                0.34743914008140564,
                -0.09467971324920654,
                -0.06520691514015198,
                0.8844137191772461,
                -4.950711172568845e-06,
                0.26921918988227844,
                0.08207819610834122,
                -0.3278384804725647,
                -0.19424304366111755,
                0.44629523158073425,
                -0.0007813634001649916,
                0.32694968581199646,
                -0.4653659760951996,
                0.1857156753540039,
                -0.5212449431419373,
                -0.23130038380622864,
                -0.5976113677024841,
                0.5042939186096191,
                0.02135823667049408,
                0.15043878555297852,
                0.31087249517440796,
                -0.09314863383769989,
                -0.4288737177848816,
                -0.4779894948005676,
                -0.019528290256857872,
                0.018481818959116936,
                0.18011337518692017,
                0.30892446637153625,
                0.2674955129623413,
                0.3046311140060425,
                -0.3318960666656494,
                -0.05166581645607948,
                -0.2065596729516983,
                0.052827138453722,
                -0.43903741240501404,
                0.1445920616388321,
                -0.5321749448776245,
                0.6618865132331848,
                -0.07398003339767456,
                0.39163389801979065,
                0.2799726724624634,
                0.09043613821268082,
                -0.20705392956733704,
                0.15900227427482605,
                0.24669724702835083,
                -0.12716208398342133,
                -0.23491425812244415,
                0.34528225660324097,
                -0.6206351518630981,
                -0.14444054663181305,
                0.2933141589164734,
                -0.026674490422010422,
                -0.26268017292022705,
                -0.31768468022346497,
                -0.19484029710292816,
                0.17149080336093903,
                0.1588754504919052,
                -0.13743339478969574,
                -0.48873770236968994,
                -0.2186211198568344,
                0.012474581599235535,
                -0.09520760178565979,
                -0.14751651883125305,
                0.07761896401643753,
                -1.2794756889343262,
                -0.31457361578941345,
                -0.19397854804992676,
                0.21466763317584991,
                0.16448290646076202,
                -0.579167366027832,
                -0.0017184168100357056,
                -0.4765269458293915,
                0.4446071982383728,
                0.17348232865333557,
                -0.07495499402284622,
                0.12915979325771332,
                0.052177563309669495,
                0.19554629921913147,
                -0.3275038003921509,
                0.47412732243537903,
                -0.738918125629425,
                0.6347650289535522,
                0.4932345449924469,
                0.17034812271595,
                -0.2910985052585602,
                0.2607001066207886,
                0.10916369408369064,
                0.0019084304803982377,
                0.5219448804855347,
                0.37206488847732544,
                0.06420062482357025,
                0.3518289625644684,
                0.08643244206905365,
                -0.29720592498779297,
                -0.27005913853645325,
                0.172030970454216,
                -0.019558532163500786,
                -0.2616789937019348,
                0.06835417449474335,
                -0.1236058697104454,
                -0.529409646987915,
                -0.32646510004997253,
                -0.27557656168937683,
                -0.42606088519096375,
                -0.1840072125196457,
                0.2314785122871399,
                -0.12828856706619263,
                0.11917629092931747,
                -0.019155895337462425,
                0.14567984640598297,
                -0.04734103009104729,
                -0.2236899435520172,
                0.27439644932746887,
                0.1502957046031952,
                -0.4525398910045624,
                -0.7133519053459167,
                0.3897838294506073,
                0.26372671127319336,
                0.37625235319137573,
                -0.13125671446323395,
                -0.767297625541687,
                -0.29795920848846436,
                -0.09727626293897629,
                0.373533695936203,
                -0.3915098309516907,
                0.14466634392738342,
                -0.18171681463718414,
                0.2705000936985016,
                1.8350242376327515,
                -0.12210847437381744,
                -0.1765955686569214,
                0.24351921677589417,
                -0.023746317252516747,
                0.45057928562164307,
                0.03290937840938568,
                -0.41893693804740906,
                -0.035839393734931946,
                0.12735772132873535,
                -0.08061148226261139,
                -0.08867473900318146,
                -0.05854114890098572,
                0.08474399149417877,
                -0.6210289597511292,
                0.0004245055024512112,
                -0.16315987706184387,
                0.22519780695438385,
                -0.1510377824306488,
                -0.1083475649356842,
                -0.026875177398324013,
                -0.37743082642555237,
                -0.20136962831020355,
                -0.14392909407615662,
                -0.14972500503063202,
                0.14447730779647827,
                0.1184789314866066,
                -0.09006273746490479,
                -0.633466899394989,
                0.14730602502822876,
                -0.20519672334194183,
                -0.482293963432312,
                -0.013028842397034168,
                0.10694677382707596,
                -0.24715487658977509,
                -0.04470085725188255,
                -0.04047674313187599,
                -0.14797921478748322,
                0.6939560770988464,
                0.3362540006637573,
                0.39372122287750244,
                0.12262260913848877,
                -0.024446019902825356,
                0.40894070267677307,
                0.04644350707530975,
                0.18676699697971344,
                0.027949435636401176,
                -0.16335099935531616,
                -0.31024956703186035,
                -0.19226627051830292,
                0.13483981788158417,
                0.19204172492027283,
                0.16855388879776,
                -0.2649466395378113,
                0.8834912776947021,
                -0.18836010992527008,
                -0.36561185121536255,
                0.2465885877609253,
                -0.034400276839733124,
                0.39211028814315796,
                0.08276935666799545,
                -1.1884112358093262,
                -0.1805465966463089,
                1.3645899295806885,
                -0.30713924765586853,
                -0.008891511708498001,
                0.09282331168651581,
                0.22422878444194794,
                0.07396770268678665,
                0.10572518408298492,
                0.10316827148199081,
                0.1814674288034439,
                -0.08286366611719131,
                -0.22649981081485748,
                0.10865619778633118,
                -0.4821746051311493,
                0.45744892954826355,
                0.10393521934747696,
                0.1021273285150528,
                0.42519161105155945,
                0.23114506900310516,
                0.6922964453697205,
                0.3041491210460663,
                0.1291658729314804,
                0.34901976585388184,
                0.19518622756004333,
                0.12783953547477722,
                0.3981459438800812,
                -0.33143141865730286,
                0.31531307101249695,
                0.029566964134573936,
                -0.08276700973510742,
                0.00048483526916243136,
                -0.21814393997192383,
                0.4283132255077362,
                0.42393988370895386,
                0.14015501737594604,
                -0.8861664533615112,
                0.5168412923812866,
                -0.5936135649681091,
                0.39362847805023193,
                -0.22506152093410492,
                -0.48719528317451477,
                0.0680263340473175,
                0.582386314868927,
                -0.23837749660015106,
                0.1295713633298874,
                0.3656274080276489,
                -0.11667519807815552,
                -0.0038544011767953634,
                0.40855273604393005,
                0.34241822361946106,
                -0.38677266240119934,
                -0.09078437089920044,
                -0.22245091199874878,
                0.012737324461340904,
                0.08355031907558441,
                0.3860310912132263,
                0.6093835830688477,
                0.025448625907301903,
                0.0048964922316372395,
                -0.2329191267490387,
                0.18463553488254547,
                0.12361207604408264,
                0.3944350481033325,
                -0.19925522804260254,
                0.3532516658306122,
                1.195678949356079,
                -0.1476415991783142,
                0.2172953486442566,
                -0.385498583316803,
                -0.23110434412956238,
                -0.4323261082172394,
                -0.46565788984298706,
                0.12218252569437027,
                0.19980758428573608,
                -0.1287606656551361,
                0.08277393877506256,
                0.6063051819801331,
                -0.18017932772636414,
                -0.21149228513240814,
                -0.3342578113079071,
                -0.06666659563779831,
                -0.5726585388183594,
                0.4861612021923065,
                0.10053293406963348,
                -0.016887463629245758,
                -0.29077595472335815,
                -0.38592904806137085,
                0.10086947679519653,
                0.5767909288406372,
                -0.47682952880859375,
                -0.25955766439437866,
                0.3637985587120056,
                -0.1311068832874298,
                -0.03847700357437134,
                -0.07821955531835556,
                0.14118903875350952,
                0.00764252245426178,
                0.12203851342201233,
                -0.19838860630989075,
                0.047766949981451035,
                -0.3592451214790344,
                0.07475265115499496,
                0.08110938966274261,
                0.3341269791126251,
                -0.11281782388687134,
                0.1828770935535431,
                0.012959850952029228,
                -0.6042170524597168,
                -0.91379314661026,
                -0.17472591996192932,
                -0.19047585129737854,
                -0.0998111367225647,
                0.20362542569637299,
                -0.41861990094184875,
                -0.0981842502951622,
                -0.44662392139434814,
                -0.22971171140670776,
                0.41956058144569397,
                -0.5193870067596436,
                -0.5112511515617371,
                0.4651605486869812,
                0.1703774482011795,
                0.3966902196407318,
                -0.0920703336596489,
                -0.29892483353614807,
                0.17058230936527252,
                0.38011693954467773,
                -0.1744815856218338,
                0.27811184525489807,
                -0.14480151236057281,
                -0.13639454543590546,
                -0.14694511890411377,
                -0.07434434443712234,
                -1.3250893354415894,
                -0.03046182543039322,
                0.09831593930721283,
                0.38296589255332947,
                -0.4282636344432831,
                -0.19476953148841858,
                -0.08363954722881317,
                0.030597608536481857,
                -0.2820690870285034,
                -0.15814019739627838,
                -0.44113051891326904,
                -0.02116713859140873,
                0.2533649206161499,
                0.05107499286532402,
                -0.204567551612854,
                0.178745836019516,
                -0.030551573261618614,
                -0.167218416929245,
                0.42427700757980347,
                -0.4654892385005951,
                0.6309443712234497,
                -0.19227103888988495,
                -0.7133502960205078,
                0.13638707995414734,
                -0.047480106353759766,
                -0.17591845989227295,
                0.2124437540769577,
                -0.3350900709629059,
                0.9237210154533386,
                0.1846209168434143,
                0.1468748301267624,
                0.1686549186706543,
                -0.11505722999572754,
                0.11488401889801025,
                -0.25293949246406555,
                -0.14243340492248535,
                0.12635165452957153,
                0.1385759562253952,
                0.07743135094642639,
                0.11235117167234421,
                -0.13311275839805603,
                0.22849176824092865,
                -0.28854846954345703,
                0.06771861761808395,
                -0.06213701143860817,
                -0.08085865527391434,
                0.04200977087020874,
                -0.35799047350883484,
                0.39475223422050476,
                0.25263893604278564,
                0.2896214723587036,
                0.1386244297027588,
                -0.20714445412158966,
                -0.1094043105840683,
                0.13231845200061798,
                -0.18085652589797974,
                1.5611608028411865,
                -0.2922329604625702,
                0.38297465443611145
            ]
        },
        "descriptive_features": {
            "caption": "a small plant growing in the dirt"
        },
        "object_features": {
            "detected_objects": [
                {
                    "label": "neem",
                    "confidence": 0.992,
                    "bbox": [
                        0,
                        0,
                        600,
                        283
                    ],
                    "area_ratio": 1.0,
                    "green_ratio": 0.089,
                    "leaf_stage": "Old"
                }
            ],
            "object_count": 1
        }
    },
    {
        "image": "1788.jpg",
        "quality_metrics": {
            "blur_score": 1237.213,
            "brightness": 0.592,
            "contrast": 0.119
        },
        "semantic_features": {
            "clip_embedding": [
                -0.31126242876052856,
                0.2465839982032776,
                -0.028490552678704262,
                0.18244892358779907,
                0.009889842011034489,
                0.17249242961406708,
                0.45147624611854553,
                0.33173882961273193,
                -0.2049095779657364,
                -0.545563280582428,
                -0.027714870870113373,
                0.3812870383262634,
                -0.38489824533462524,
                -0.5203797817230225,
                0.2804112136363983,
                0.1250491589307785,
                0.36176589131355286,
                -0.19239190220832825,
                0.562586784362793,
                -0.17727616429328918,
                -0.14977604150772095,
                -0.03195493668317795,
                0.4710967540740967,
                -0.18893755972385406,
                -0.3533451557159424,
                -0.03973638266324997,
                0.20386962592601776,
                -0.2814596891403198,
                0.2616156339645386,
                0.04398844763636589,
                0.5755868554115295,
                -0.20126941800117493,
                0.1578921228647232,
                -0.3328697085380554,
                0.6423993110656738,
                -0.3442837595939636,
                -0.11221110075712204,
                0.0442449226975441,
                0.16067148745059967,
                0.24250656366348267,
                0.1713397055864334,
                0.1371167153120041,
                0.002007822273299098,
                0.18991608917713165,
                -0.07906971871852875,
                -0.9638863205909729,
                -0.4058125913143158,
                0.0628819465637207,
                -0.17916588485240936,
                0.10504930466413498,
                -0.410781592130661,
                -0.17428351938724518,
                -0.012666716240346432,
                -0.1383274346590042,
                0.08759629726409912,
                0.6047179698944092,
                -0.030138317495584488,
                -0.10198211669921875,
                0.3826978802680969,
                0.22068004310131073,
                0.2553960382938385,
                0.004268931690603495,
                -0.1708494871854782,
                0.05530080944299698,
                -0.13606630265712738,
                -0.3393789827823639,
                -0.06691398471593857,
                0.5772008895874023,
                0.1107817217707634,
                -0.08322904258966446,
                -0.03834260255098343,
                0.11570479720830917,
                0.053156644105911255,
                0.14338688552379608,
                -0.38535282015800476,
                -0.49512481689453125,
                -0.12404096871614456,
                0.08197074383497238,
                -0.592907190322876,
                -0.40482261776924133,
                -0.2371518760919571,
                -0.10923590511083603,
                0.21582947671413422,
                -0.9619507193565369,
                0.3745543658733368,
                -0.3598485291004181,
                -0.05555785819888115,
                -0.4001764953136444,
                0.15958371758460999,
                -0.5335162878036499,
                0.06201350688934326,
                -0.025961551815271378,
                -7.047129154205322,
                -0.21007320284843445,
                0.05756976455450058,
                0.3132420778274536,
                0.2552376091480255,
                0.37744900584220886,
                -1.5730620622634888,
                0.30800962448120117,
                -0.12102767825126648,
                0.15981163084506989,
                -0.44887232780456543,
                -0.18474619090557098,
                -0.26949039101600647,
                0.11399365216493607,
                -2.359588861465454,
                0.10482978075742722,
                0.11624952405691147,
                -0.25857868790626526,
                0.26964351534843445,
                0.0486191101372242,
                -0.47161850333213806,
                0.47008246183395386,
                -0.16840913891792297,
                0.37549102306365967,
                -0.4710984528064728,
                0.34677156805992126,
                0.0750594288110733,
                -0.34020498394966125,
                0.029551519080996513,
                -0.5467059016227722,
                -0.10217081755399704,
                0.20961010456085205,
                0.07666995376348495,
                -0.028531506657600403,
                0.38988080620765686,
                -0.14484339952468872,
                0.11921375244855881,
                0.3158494830131531,
                0.313373327255249,
                -0.2820640206336975,
                -0.009501096792519093,
                0.8719549179077148,
                0.21875645220279694,
                0.01634647324681282,
                0.045673344284296036,
                -0.2832583487033844,
                0.101010262966156,
                0.40249547362327576,
                -0.057729341089725494,
                0.4306751787662506,
                -0.44139328598976135,
                0.12034798413515091,
                -0.7635800242424011,
                -0.18109191954135895,
                -0.6187390685081482,
                0.3549601137638092,
                0.12126974761486053,
                0.2180512249469757,
                0.34664663672447205,
                -0.29485854506492615,
                0.03500748425722122,
                -0.41515323519706726,
                0.10355740785598755,
                0.03224385157227516,
                -0.09166241437196732,
                0.555732250213623,
                0.4796430766582489,
                -0.06091069057583809,
                -0.2092793732881546,
                0.1317487359046936,
                -0.24675700068473816,
                0.09261385351419449,
                -0.5880870819091797,
                0.14868080615997314,
                -0.9045203328132629,
                0.6698223352432251,
                -0.060544293373823166,
                0.3991140127182007,
                0.4766971468925476,
                0.048153944313526154,
                -0.2820686399936676,
                -0.08287113904953003,
                0.25995540618896484,
                0.058125268667936325,
                0.24357110261917114,
                0.22190915048122406,
                -0.6696914434432983,
                -0.1310274749994278,
                0.10682883858680725,
                0.006924188695847988,
                -0.07144299149513245,
                -0.1609034538269043,
                -0.13549889624118805,
                -0.036440540105104446,
                -0.00530516030266881,
                -0.10907232761383057,
                -0.5055800080299377,
                -0.305460661649704,
                -0.13948529958724976,
                -0.010349049232900143,
                -0.30842965841293335,
                -0.019565509632229805,
                -1.0120640993118286,
                -0.13768711686134338,
                0.0036839896347373724,
                0.051292553544044495,
                0.37859317660331726,
                -0.5094409584999084,
                -0.127816841006279,
                -0.38471153378486633,
                0.31971287727355957,
                -0.009802283719182014,
                -0.24199959635734558,
                0.13696083426475525,
                -0.04455333948135376,
                0.24204109609127045,
                -0.13515113294124603,
                0.45492681860923767,
                -0.5617972612380981,
                0.5549122095108032,
                0.5117545127868652,
                0.288187712430954,
                -0.33674299716949463,
                0.17921380698680878,
                -0.030357645824551582,
                -0.13475355505943298,
                0.4747406244277954,
                0.22746014595031738,
                0.32542523741722107,
                0.6525185108184814,
                0.25112688541412354,
                -0.3064703941345215,
                -0.3814077377319336,
                0.22753573954105377,
                -0.2565156817436218,
                -0.3655591607093811,
                0.2857162356376648,
                0.0534781739115715,
                -0.5555292963981628,
                -0.40699902176856995,
                -0.2541338801383972,
                -0.6041544675827026,
                -0.1371845155954361,
                0.49348342418670654,
                -0.10622292757034302,
                0.07886406779289246,
                0.1402941793203354,
                0.012100201100111008,
                0.024017667397856712,
                0.0059602889232337475,
                0.02651098184287548,
                -0.08663113415241241,
                -0.5676459074020386,
                -0.5664217472076416,
                0.43113672733306885,
                0.19300222396850586,
                0.5068938732147217,
                -0.2030123621225357,
                -0.5462118983268738,
                -0.16288428008556366,
                -0.13840918242931366,
                0.2292042076587677,
                -0.29787760972976685,
                0.230814129114151,
                -0.04111085459589958,
                0.37545329332351685,
                2.5495059490203857,
                -0.15355277061462402,
                0.04124506190419197,
                0.31399041414260864,
                0.24302031099796295,
                0.4158288836479187,
                0.02044903114438057,
                -0.529891312122345,
                -0.1197061836719513,
                0.3548779785633087,
                -0.03574150428175926,
                -0.1491805613040924,
                -0.08151841908693314,
                -0.17137914896011353,
                -0.6812409162521362,
                -0.1524641513824463,
                -0.12171147763729095,
                0.2621103823184967,
                -0.018191581591963768,
                0.10149937123060226,
                -0.08106686174869537,
                -0.27448785305023193,
                0.035396330058574677,
                0.08380302041769028,
                0.296642005443573,
                -0.039960384368896484,
                -0.0021220468915998936,
                0.018585531041026115,
                -1.1853617429733276,
                0.07167436927556992,
                -0.15464220941066742,
                -0.3232552707195282,
                -0.08265455812215805,
                -0.06487048417329788,
                -0.07928621023893356,
                -0.06916432827711105,
                -0.035690076649188995,
                -0.1871713548898697,
                0.8545345664024353,
                0.251875638961792,
                0.07409089803695679,
                0.24850279092788696,
                0.01329448726028204,
                0.39865028858184814,
                -0.04901537299156189,
                -0.0315307192504406,
                -0.013167977333068848,
                0.028105664998292923,
                -0.5371431708335876,
                -0.0717085599899292,
                -0.23361216485500336,
                0.23224878311157227,
                0.2445693463087082,
                -0.27751800417900085,
                0.8700553774833679,
                0.15801706910133362,
                -0.07540109753608704,
                0.19684875011444092,
                -0.1349324882030487,
                0.3643511235713959,
                -0.1723497360944748,
                -0.8370829224586487,
                -0.27259528636932373,
                1.1525474786758423,
                -0.3445335924625397,
                0.04877724498510361,
                0.15662722289562225,
                0.2313048392534256,
                -0.02369013801217079,
                0.14978115260601044,
                0.11541681736707687,
                0.1324378103017807,
                0.06003236025571823,
                -0.19878479838371277,
                0.10496526211500168,
                -0.5279335379600525,
                0.5424976348876953,
                0.24863764643669128,
                0.2201353907585144,
                0.3783227801322937,
                0.20125289261341095,
                0.7006940245628357,
                0.38351279497146606,
                0.09441141039133072,
                0.34127894043922424,
                0.004683849401772022,
                0.07629667222499847,
                0.1663225293159485,
                -0.3986961841583252,
                0.5278034806251526,
                -0.1420324593782425,
                -0.21542832255363464,
                0.026147980242967606,
                -0.2729315161705017,
                0.5150590538978577,
                0.4139867424964905,
                0.19861796498298645,
                -0.6723442673683167,
                0.2712770998477936,
                -1.2195205688476562,
                0.09768819808959961,
                -0.06172611564397812,
                -0.5383206605911255,
                0.18392851948738098,
                0.2093643695116043,
                -0.394479900598526,
                -0.14931361377239227,
                0.11044686287641525,
                -0.22856029868125916,
                -0.1928369253873825,
                0.4571349322795868,
                0.356300413608551,
                -0.25561749935150146,
                -0.23014616966247559,
                -0.374705046415329,
                0.021833648905158043,
                0.048964884132146835,
                0.6446974277496338,
                0.9057793617248535,
                -0.09779822826385498,
                -0.030607113614678383,
                0.02245013229548931,
                0.20503170788288116,
                0.12591777741909027,
                0.15055640041828156,
                -0.26445406675338745,
                0.35962924361228943,
                1.2313110828399658,
                0.06865799427032471,
                0.28193578124046326,
                -0.27916422486305237,
                -0.25629889965057373,
                -0.5342740416526794,
                -0.4190240800380707,
                0.3302271068096161,
                -0.04512017220258713,
                -0.16044040024280548,
                0.20581339299678802,
                0.48964375257492065,
                -0.49551957845687866,
                -0.18235230445861816,
                0.25235405564308167,
                -0.09532628953456879,
                -0.2292090505361557,
                0.32553109526634216,
                0.09129001945257187,
                -0.1356741487979889,
                -0.19312293827533722,
                -0.3446345627307892,
                0.21389390528202057,
                0.7081089615821838,
                -0.5837042331695557,
                -0.032974109053611755,
                0.4385921359062195,
                -0.04573184251785278,
                -0.1400858461856842,
                -0.049940451979637146,
                0.2304518073797226,
                0.24849529564380646,
                0.1391458958387375,
                -0.21584106981754303,
                0.18713276088237762,
                -0.18419674038887024,
                0.19316567480564117,
                0.10525712370872498,
                0.43319860100746155,
                -0.27606719732284546,
                0.45734691619873047,
                0.10710316896438599,
                -0.4463617503643036,
                -2.2706644535064697,
                -0.18826879560947418,
                0.0656084343791008,
                -0.06519394367933273,
                0.765286386013031,
                -0.5049049854278564,
                0.05872279033064842,
                -0.41704973578453064,
                -0.2233635038137436,
                0.14460517466068268,
                -0.5681660175323486,
                -0.42654091119766235,
                0.3983069360256195,
                0.4555366039276123,
                0.19070720672607422,
                -0.393754243850708,
                -0.4727616310119629,
                0.36115825176239014,
                0.3528275489807129,
                0.13632716238498688,
                0.1712055653333664,
                -0.1042187437415123,
                -0.036406513303518295,
                -0.07165657728910446,
                -0.06980621069669724,
                -1.5183700323104858,
                -0.046367496252059937,
                0.02152765728533268,
                0.42724210023880005,
                -0.47773730754852295,
                -0.3240656554698944,
                -0.24810877442359924,
                0.18224704265594482,
                -0.28952905535697937,
                0.134462371468544,
                -0.22150744497776031,
                -0.08341237902641296,
                0.2581184208393097,
                0.08715561777353287,
                -0.35422760248184204,
                0.15516765415668488,
                -0.062478166073560715,
                0.14397141337394714,
                0.3418187201023102,
                -0.500050961971283,
                0.680359959602356,
                -0.20651192963123322,
                -0.7727962732315063,
                0.016703268513083458,
                -0.08656445890665054,
                -0.028736867010593414,
                0.3676891624927521,
                -0.32380804419517517,
                -0.08389434963464737,
                0.23173817992210388,
                0.02722254954278469,
                0.06876078248023987,
                0.0707598328590393,
                0.20204710960388184,
                -0.20510073006153107,
                -0.22671730816364288,
                0.24846644699573517,
                0.15687093138694763,
                0.2074969857931137,
                0.14527761936187744,
                -0.28133293986320496,
                0.10548651218414307,
                -0.33192554116249084,
                0.05352318286895752,
                -0.1599910408258438,
                0.0037182176019996405,
                -0.04635745286941528,
                -0.39754313230514526,
                0.2713528871536255,
                0.23489555716514587,
                0.46402707695961,
                0.1646619290113449,
                -0.2744560241699219,
                -0.0034667151048779488,
                0.14585085213184357,
                -0.002916925121098757,
                0.48655596375465393,
                -0.3774256110191345,
                0.16709575057029724
            ]
        },
        "descriptive_features": {
            "caption": "a small plant growing in the dirt"
        },
        "object_features": {
            "detected_objects": [
                {
                    "label": "neem",
                    "confidence": 0.992,
                    "bbox": [
                        0,
                        0,
                        600,
                        283
                    ],
                    "area_ratio": 1.0,
                    "green_ratio": 0.044,
                    "leaf_stage": "Old"
                }
            ],
            "object_count": 1
        }
    },
    {
        "image": "1807.jpg",
        "quality_metrics": {
            "blur_score": 580.143,
            "brightness": 0.508,
            "contrast": 0.174
        },
        "semantic_features": {
            "clip_embedding": [
                -0.14418072998523712,
                0.4152304232120514,
                0.2446504533290863,
                0.506373941898346,
                0.3041016161441803,
                0.38894620537757874,
                0.20184694230556488,
                -0.1362713873386383,
                0.07819227129220963,
                -0.47590503096580505,
                -0.08962337672710419,
                -0.021639887243509293,
                -0.12678076326847076,
                -0.27418917417526245,
                -0.027894459664821625,
                0.10960351675748825,
                0.16396741569042206,
                -0.33171316981315613,
                -0.12351971864700317,
                -0.2557336091995239,
                -0.18913215398788452,
                0.07323863357305527,
                0.2692679166793823,
                -0.15355847775936127,
                -0.20929080247879028,
                -0.08918096870183945,
                0.13257864117622375,
                0.014679222367703915,
                0.4138469696044922,
                0.2786371111869812,
                0.4230508804321289,
                0.5368821024894714,
                -0.23952455818653107,
                -0.5308387279510498,
                0.27144941687583923,
                -0.2738608419895172,
                -0.11342068016529083,
                0.2910308241844177,
                -0.2160220593214035,
                0.3563559651374817,
                0.1590316742658615,
                -0.06479337066411972,
                0.28328317403793335,
                0.13298842310905457,
                -0.22666047513484955,
                0.1491696536540985,
                -0.2784497141838074,
                -0.03885233402252197,
                -0.28830409049987793,
                0.13446339964866638,
                -0.040657058358192444,
                0.051488056778907776,
                0.15216141939163208,
                -0.5759032964706421,
                0.11378846317529678,
                0.6826155185699463,
                -0.20773945748806,
                0.1431131213903427,
                0.10064519196748734,
                0.13991165161132812,
                -0.11674367636442184,
                -0.1516481339931488,
                -0.07207811623811722,
                0.16135869920253754,
                -0.1477058082818985,
                -0.1142425537109375,
                -0.15082737803459167,
                0.9949238896369934,
                -0.14108321070671082,
                -0.14788439869880676,
                0.5365675687789917,
                0.21936199069023132,
                -0.033054549247026443,
                -0.2837120592594147,
                -0.2863018810749054,
                -0.34515130519866943,
                -0.0899408757686615,
                0.13058437407016754,
                -0.6717132329940796,
                -0.4457300901412964,
                -0.324672669172287,
                0.16874635219573975,
                0.04277656972408295,
                -0.904772162437439,
                0.40631332993507385,
                0.15137791633605957,
                -0.29823780059814453,
                -0.23567898571491241,
                -0.005341342184692621,
                -0.4190398156642914,
                0.16390834748744965,
                -0.4924328923225403,
                -8.088065147399902,
                0.0303343553096056,
                -0.18476152420043945,
                0.37864014506340027,
                -0.16344009339809418,
                0.12155018001794815,
                -1.215585470199585,
                0.5336337685585022,
                0.1842043101787567,
                0.005021599121391773,
                0.033389970660209656,
                -0.017239030450582504,
                -0.36206167936325073,
                -0.2558724880218506,
                -1.6951924562454224,
                0.024696258828043938,
                0.32947278022766113,
                -0.075090691447258,
                0.13230887055397034,
                -0.0628499984741211,
                -0.259401798248291,
                0.02395814098417759,
                -0.07276502996683121,
                -0.21758458018302917,
                -0.09726268798112869,
                -0.07770948112010956,
                0.46804219484329224,
                -0.3017667233943939,
                -0.029584335163235664,
                -0.8365442156791687,
                0.05716308578848839,
                0.1915934979915619,
                0.09932363033294678,
                -0.07230032980442047,
                -0.0014568876940757036,
                -0.15802548825740814,
                0.1615622341632843,
                0.09172846376895905,
                -0.015773385763168335,
                -0.12751884758472443,
                -0.1096266657114029,
                0.9954833388328552,
                0.0898236632347107,
                0.09994515776634216,
                -0.0850725993514061,
                -0.5858858823776245,
                0.1315390169620514,
                0.23692399263381958,
                -0.1822398453950882,
                0.5354298949241638,
                -0.7655609846115112,
                -0.10833821445703506,
                -0.4888696074485779,
                0.06650098413228989,
                -0.18803973495960236,
                0.5672349333763123,
                0.10159818083047867,
                0.1706344336271286,
                0.32239052653312683,
                -0.005055807996541262,
                -0.520610511302948,
                -0.5483053922653198,
                -0.08114326000213623,
                -0.04073439538478851,
                0.16329514980316162,
                0.2931751310825348,
                0.2431744486093521,
                -0.14840096235275269,
                -0.11773282289505005,
                -0.0074857803992927074,
                0.08888404816389084,
                -0.10830540955066681,
                -0.1547335833311081,
                -0.15008652210235596,
                -0.4714870750904083,
                0.5865485072135925,
                -0.2095293551683426,
                0.18626458942890167,
                0.4063173234462738,
                -0.043374355882406235,
                -0.056221429258584976,
                -0.22823022305965424,
                0.30303987860679626,
                0.1463964432477951,
                0.26391544938087463,
                0.3369850516319275,
                -0.5274365544319153,
                -0.21156835556030273,
                0.436413049697876,
                0.04219404608011246,
                -0.2706449329853058,
                -0.178752601146698,
                -0.0876382440328598,
                0.1418953686952591,
                0.0664256364107132,
                -0.03301360830664635,
                -0.4774872958660126,
                0.016830872744321823,
                0.06223210692405701,
                -0.2006012201309204,
                -0.21050511300563812,
                -0.0027316613122820854,
                -1.2192869186401367,
                -0.09661837667226791,
                -0.08827176690101624,
                -0.04951048642396927,
                0.07572987675666809,
                -0.601555347442627,
                -0.05885043367743492,
                -0.3317106366157532,
                0.2883227467536926,
                0.16147702932357788,
                -0.2562364637851715,
                0.2367904931306839,
                0.08741562813520432,
                0.12618200480937958,
                -0.2198578417301178,
                0.29706019163131714,
                -0.815656304359436,
                0.5835114121437073,
                0.13017156720161438,
                -0.062150102108716965,
                -0.21629585325717926,
                -0.2128635048866272,
                0.13113395869731903,
                0.038950156420469284,
                0.35503441095352173,
                0.37678658962249756,
                -0.01076470222324133,
                0.30337387323379517,
                -0.006832432001829147,
                -0.27331027388572693,
                -0.17823684215545654,
                0.10398869961500168,
                -0.1396293044090271,
                0.04253535717725754,
                0.05652486905455589,
                0.19853633642196655,
                -0.4696698486804962,
                -0.20997965335845947,
                -0.025869101285934448,
                -0.09714381396770477,
                -0.20590740442276,
                0.5308998227119446,
                0.04328934848308563,
                -0.16222307085990906,
                -0.3947833478450775,
                0.007225892972201109,
                -0.2745421528816223,
                -0.0004675254167523235,
                0.11685987561941147,
                0.08920025080442429,
                -0.19599267840385437,
                -0.25401705503463745,
                0.2758537232875824,
                0.7544956803321838,
                0.22821471095085144,
                -0.010660598054528236,
                -0.827890157699585,
                0.06517726927995682,
                -0.27024441957473755,
                0.2466541975736618,
                -0.20387506484985352,
                0.4221780598163605,
                -0.5501875877380371,
                0.03446585685014725,
                2.162569999694824,
                0.015747666358947754,
                -0.5825711488723755,
                0.4061427414417267,
                -0.08794490993022919,
                0.8821505308151245,
                -0.14079657196998596,
                -0.4347837567329407,
                -0.06842336058616638,
                -0.06373963505029678,
                0.2057984322309494,
                -0.1450163573026657,
                -0.007472892291843891,
                0.14637480676174164,
                -0.122578464448452,
                0.04125241935253143,
                -0.13675494492053986,
                0.21934080123901367,
                -0.2777547538280487,
                -0.058795016258955,
                0.11079651117324829,
                -0.39523011445999146,
                0.039911653846502304,
                -0.13333247601985931,
                -0.3601706027984619,
                -0.10246642678976059,
                -0.09192895889282227,
                0.027038859203457832,
                -0.6939330101013184,
                0.47202587127685547,
                -0.07304522395133972,
                -0.7274550199508667,
                0.37786489725112915,
                -0.1508132964372635,
                -0.37235864996910095,
                0.23445618152618408,
                0.1261652261018753,
                -0.017562787979841232,
                0.5023296475410461,
                0.16596727073192596,
                0.1948918253183365,
                -0.012850118800997734,
                0.12387008965015411,
                0.04460352659225464,
                -0.24036982655525208,
                0.11620311439037323,
                0.1798357218503952,
                -0.34857162833213806,
                -0.027705440297722816,
                -0.026305658742785454,
                -0.17664451897144318,
                0.3902910351753235,
                0.24393051862716675,
                -0.49061474204063416,
                0.9944440722465515,
                0.11573190242052078,
                0.17870500683784485,
                0.01902189292013645,
                -0.052282363176345825,
                0.16609881818294525,
                0.3951387107372284,
                -1.0462077856063843,
                -0.3364412486553192,
                1.0632892847061157,
                -0.3123455047607422,
                0.2957627475261688,
                -0.20795266330242157,
                0.19442881643772125,
                0.16440121829509735,
                -0.03596251457929611,
                0.007440733723342419,
                0.41851988434791565,
                -0.09658662974834442,
                -0.32125115394592285,
                -0.14975246787071228,
                -0.35767626762390137,
                0.4568071961402893,
                -0.05102289468050003,
                0.27349531650543213,
                0.3154221177101135,
                -0.18923041224479675,
                0.43796056509017944,
                -0.18497562408447266,
                -0.2154197096824646,
                0.3569347858428955,
                0.19755442440509796,
                -0.1709091067314148,
                0.30995628237724304,
                -0.09148319810628891,
                0.1507464200258255,
                -0.008122116327285767,
                0.16111837327480316,
                0.281007319688797,
                -0.06053517386317253,
                0.7606508731842041,
                0.38538503646850586,
                0.17722240090370178,
                -1.0813156366348267,
                0.34615427255630493,
                0.04733094200491905,
                0.2587442696094513,
                -0.1492743194103241,
                -0.37476056814193726,
                0.039056867361068726,
                0.743233859539032,
                -0.4721473455429077,
                -0.1550498604774475,
                0.5768035650253296,
                -0.004582969471812248,
                0.38901814818382263,
                0.009540222585201263,
                0.4495140314102173,
                -0.39040932059288025,
                -0.13482123613357544,
                0.09794975072145462,
                -0.002663631923496723,
                0.33438044786453247,
                0.2696569859981537,
                0.9999260306358337,
                0.09014959633350372,
                -0.46015819907188416,
                -0.10826534032821655,
                0.2402810901403427,
                0.05997161567211151,
                0.3382747769355774,
                -0.10022951662540436,
                0.559532642364502,
                0.7373100519180298,
                -0.03874794393777847,
                0.10988330096006393,
                -0.14387059211730957,
                -0.3322928845882416,
                -0.24408772587776184,
                -0.18282273411750793,
                0.08753284066915512,
                -0.22616863250732422,
                -0.18440906703472137,
                -0.16622070968151093,
                0.23251351714134216,
                0.06112619489431381,
                -0.2090877741575241,
                -0.07393661886453629,
                -0.13106226921081543,
                -0.2067345380783081,
                0.5069916844367981,
                0.07113795727491379,
                0.08588332682847977,
                0.047422684729099274,
                -0.18617591261863708,
                0.24402497708797455,
                0.7029052972793579,
                -0.09867788106203079,
                0.004440889693796635,
                -0.12463665753602982,
                0.20095165073871613,
                0.008496557362377644,
                0.1437138020992279,
                -0.07958188652992249,
                0.25277650356292725,
                -0.04464421048760414,
                -0.1641020029783249,
                0.1407524198293686,
                -0.6142260432243347,
                0.17562328279018402,
                0.3368145525455475,
                0.441542387008667,
                -0.22613461315631866,
                0.06437291949987411,
                0.2486208826303482,
                -0.811881959438324,
                0.02872304990887642,
                -0.11801180243492126,
                0.19803854823112488,
                -0.04506517946720123,
                0.38790369033813477,
                -0.17667654156684875,
                -0.24971547722816467,
                -0.22337351739406586,
                -0.34178441762924194,
                0.2194264978170395,
                -0.5230850577354431,
                -0.43090173602104187,
                0.07990837842226028,
                0.4336446523666382,
                0.6792890429496765,
                -0.07768885791301727,
                -0.42611896991729736,
                0.42904573678970337,
                0.3314777612686157,
                0.1808692067861557,
                -0.23563680052757263,
                0.04982838034629822,
                -0.3979116976261139,
                -0.4479214549064636,
                -0.1284797340631485,
                -1.3245344161987305,
                0.01913485862314701,
                -0.05698594078421593,
                0.3813323974609375,
                -0.3317376375198364,
                -0.21520963311195374,
                0.05118846893310547,
                0.15975014865398407,
                -0.1975460946559906,
                0.030540330335497856,
                -0.4095826745033264,
                -0.1869882047176361,
                0.16355061531066895,
                0.1341855376958847,
                -0.28985509276390076,
                -0.07616494596004486,
                -0.18799662590026855,
                -0.38725271821022034,
                0.5049705505371094,
                -0.31724563241004944,
                0.3042454719543457,
                -0.04343406856060028,
                -0.8301562070846558,
                -0.1860683113336563,
                0.2101716250181198,
                -0.23063218593597412,
                0.32540377974510193,
                -0.08289259672164917,
                0.30208641290664673,
                -0.1428113579750061,
                0.2648690342903137,
                0.34516414999961853,
                -0.24634616076946259,
                0.2219206988811493,
                -0.11688099056482315,
                -0.30488577485084534,
                -0.10575072467327118,
                0.13514494895935059,
                0.12330321967601776,
                0.10214078426361084,
                0.2110138237476349,
                -0.03231734782457352,
                0.04155350476503372,
                0.08146367967128754,
                0.1257086992263794,
                -0.30636897683143616,
                -0.05367254465818405,
                -0.3426584005355835,
                0.1212325170636177,
                0.2249537706375122,
                0.3319767415523529,
                0.5347878932952881,
                -0.6738861203193665,
                0.04097624495625496,
                -0.019775886088609695,
                0.09455128014087677,
                1.0202603340148926,
                0.09371304512023926,
                0.4173479676246643
            ]
        },
        "descriptive_features": {
            "caption": "a person holding a small plant in their hand"
        },
        "object_features": {
            "detected_objects": [
                {
                    "label": "neem",
                    "confidence": 0.944,
                    "bbox": [
                        0,
                        0,
                        600,
                        283
                    ],
                    "area_ratio": 1.0,
                    "green_ratio": 0.078,
                    "leaf_stage": "Old"
                }
            ],
            "object_count": 1
        }
    },
    {
        "image": "1805.jpg",
        "quality_metrics": {
            "blur_score": 720.159,
            "brightness": 0.493,
            "contrast": 0.111
        },
        "semantic_features": {
            "clip_embedding": [
                -0.305582195520401,
                0.5282291769981384,
                0.10477288067340851,
                0.5632811188697815,
                -0.05521653592586517,
                0.3987666368484497,
                0.25343215465545654,
                -0.28974175453186035,
                -0.3287658393383026,
                -0.4728124141693115,
                -0.20360980927944183,
                0.255348801612854,
                -0.4600301682949066,
                -0.28940632939338684,
                -0.04203832894563675,
                -0.08025351911783218,
                -0.19019366800785065,
                -0.2376404106616974,
                -0.08378646522760391,
                -0.29163309931755066,
                0.12542380392551422,
                -0.05652600899338722,
                0.37285947799682617,
                -0.20083701610565186,
                -0.380143940448761,
                -0.15534672141075134,
                0.10958336293697357,
                0.000337791396304965,
                0.37546223402023315,
                -0.10967881977558136,
                0.5228784084320068,
                0.10942327231168747,
                0.021568577736616135,
                -0.5931223034858704,
                0.47859910130500793,
                -0.5391030311584473,
                -0.2505108416080475,
                0.21038492023944855,
                -0.018377497792243958,
                0.7971821427345276,
                -0.02908111736178398,
                0.21803514659404755,
                0.25717419385910034,
                -0.07235796004533768,
                -0.04121919721364975,
                -0.10595540702342987,
                -0.3404673635959625,
                0.05491182953119278,
                -0.21045222878456116,
                0.315363347530365,
                -0.1708163172006607,
                -0.027401959523558617,
                0.07364775240421295,
                -0.483769953250885,
                0.20774267613887787,
                0.5288059115409851,
                -0.09925320744514465,
                0.1176103949546814,
                0.08132508397102356,
                0.026845376938581467,
                0.11982789635658264,
                0.11068776994943619,
                -0.23608703911304474,
                0.13697363436222076,
                0.08928903192281723,
                -0.2739623486995697,
                -0.0960870012640953,
                0.9642003178596497,
                0.2215190827846527,
                0.022918911650776863,
                0.2887948751449585,
                0.176108717918396,
                0.14625108242034912,
                -0.4118233323097229,
                -0.33050137758255005,
                -0.5350456833839417,
                -0.016581762582063675,
                0.21116262674331665,
                -0.7136827707290649,
                -0.5895870327949524,
                -0.5400384068489075,
                -0.11615663021802902,
                -0.06939537078142166,
                -0.7316195964813232,
                0.6249722838401794,
                -0.08861368894577026,
                -0.07998412102460861,
                -0.2908558249473572,
                0.06729529798030853,
                -0.39538779854774475,
                -0.023844409734010696,
                -0.34757277369499207,
                -7.855286598205566,
                0.15092644095420837,
                -0.06191322207450867,
                0.3735749125480652,
                -0.19272147119045258,
                0.14092306792736053,
                -1.066881775856018,
                0.6073713302612305,
                0.21242745220661163,
                0.3331046402454376,
                0.16949065029621124,
                -0.09224145859479904,
                -0.18054020404815674,
                -0.1848103255033493,
                -1.2576768398284912,
                0.15495844185352325,
                0.12359073758125305,
                -0.03466636687517166,
                0.13503029942512512,
                0.3158978223800659,
                -0.45024022459983826,
                0.09105502814054489,
                -0.17991986870765686,
                -0.049663521349430084,
                -0.4052636921405792,
                0.21319636702537537,
                0.13873820006847382,
                -0.3863568603992462,
                0.045921821147203445,
                -0.37017762660980225,
                0.1065182164311409,
                0.02679537795484066,
                0.2093898355960846,
                0.14236128330230713,
                0.24875375628471375,
                -0.11701413244009018,
                0.0816592276096344,
                0.3785642683506012,
                -0.16060836613178253,
                -0.20141112804412842,
                -0.03383088484406471,
                0.948526918888092,
                -0.041500139981508255,
                0.16277004778385162,
                -0.05191376805305481,
                -0.6866266131401062,
                0.045967523008584976,
                0.24973584711551666,
                0.03017774224281311,
                0.3251292109489441,
                -0.3525274097919464,
                -0.022661544382572174,
                -0.4398961365222931,
                0.02461053803563118,
                -0.40860694646835327,
                0.4024021625518799,
                0.0007592454785481095,
                0.3762904703617096,
                0.4645717442035675,
                -0.2642211616039276,
                -0.54310142993927,
                -0.4763619005680084,
                0.09604695439338684,
                -0.13608428835868835,
                0.2925611436367035,
                0.06440473347902298,
                0.05868341773748398,
                -0.16115231812000275,
                -0.4058420658111572,
                0.1408475637435913,
                -0.046490851789712906,
                0.1043856143951416,
                -0.3587961494922638,
                0.016021987423300743,
                -0.5854359269142151,
                0.4447678029537201,
                0.038685720413923264,
                0.3161714971065521,
                0.3313787281513214,
                -0.05732836574316025,
                -0.11781446635723114,
                -0.18061569333076477,
                0.2860550880432129,
                0.06517070531845093,
                0.2553812861442566,
                0.3686755895614624,
                -1.0656228065490723,
                -0.1255372166633606,
                0.007481753826141357,
                -0.06750819832086563,
                -0.20938993990421295,
                -0.25877833366394043,
                0.06865192949771881,
                -0.18958090245723724,
                0.08913879096508026,
                0.16394604742527008,
                -0.5342933535575867,
                0.025114232674241066,
                0.16387322545051575,
                -0.348556250333786,
                0.20358280837535858,
                -0.076287642121315,
                -1.0757375955581665,
                -0.1330440640449524,
                -0.3948873281478882,
                -0.2874787151813507,
                -0.023510394617915154,
                -0.6103947758674622,
                0.05100441724061966,
                -0.5693698525428772,
                0.19443118572235107,
                0.031907375901937485,
                -0.2088865041732788,
                0.27731823921203613,
                -0.03507352992892265,
                0.2544184923171997,
                -0.33717820048332214,
                0.28037720918655396,
                -0.6211005449295044,
                0.8244138956069946,
                0.5220252871513367,
                -0.10903347283601761,
                -0.08846604079008102,
                0.19313862919807434,
                0.07592201977968216,
                0.01778743602335453,
                0.40002405643463135,
                0.15298481285572052,
                0.19272038340568542,
                0.49376180768013,
                0.008619031868875027,
                -0.26642096042633057,
                -0.2793934941291809,
                0.10041587799787521,
                -0.15982437133789062,
                -0.06033721938729286,
                0.2897307574748993,
                0.4496857821941376,
                -0.37896496057510376,
                -0.40892350673675537,
                -0.32606041431427,
                0.03889802470803261,
                -0.07965440303087234,
                0.48965775966644287,
                0.23655472695827484,
                -0.06220444291830063,
                -0.19482530653476715,
                0.02385152503848076,
                -0.003416755236685276,
                0.026396222412586212,
                0.34192830324172974,
                -0.07627459615468979,
                -0.3203717768192291,
                -0.1801295131444931,
                0.28156939148902893,
                0.4454113245010376,
                0.08415426313877106,
                -0.17123523354530334,
                -0.7245088219642639,
                0.01849253475666046,
                0.024655018001794815,
                0.015348335728049278,
                -0.30692267417907715,
                0.19189363718032837,
                -0.3094237446784973,
                0.12093903124332428,
                2.092743158340454,
                -0.23434491455554962,
                -0.41147586703300476,
                0.36613768339157104,
                -0.06441095471382141,
                0.6569279432296753,
                0.010677349753677845,
                -0.5118086934089661,
                -0.20103800296783447,
                0.25247249007225037,
                0.10844361037015915,
                -0.065412238240242,
                -0.060635894536972046,
                -0.010351375676691532,
                -0.56464022397995,
                -0.000734009372536093,
                -0.09836217015981674,
                0.3295551538467407,
                -0.17843660712242126,
                -0.14978769421577454,
                0.00298444670625031,
                -0.3665089011192322,
                0.011489570140838623,
                0.009790259413421154,
                -0.47200652956962585,
                -0.1129605695605278,
                0.07839232683181763,
                0.032345015555620193,
                -0.5074179172515869,
                0.3665931820869446,
                -0.027905143797397614,
                -0.3672623932361603,
                0.07687723636627197,
                -0.2252146601676941,
                0.060464952141046524,
                -0.07810106873512268,
                0.07353946566581726,
                -0.017154039815068245,
                1.069509744644165,
                0.331303209066391,
                0.21545441448688507,
                0.019498877227306366,
                -0.06390657275915146,
                0.46981486678123474,
                -0.27698397636413574,
                0.13150987029075623,
                -0.004099342972040176,
                -0.20223723351955414,
                -0.13884855806827545,
                -0.007302450947463512,
                -0.3490040898323059,
                0.4416106939315796,
                0.2874307334423065,
                -0.37519195675849915,
                0.9467576146125793,
                0.04412015154957771,
                0.10642876476049423,
                0.046316612511873245,
                -0.03971904143691063,
                0.05765291303396225,
                0.4028739631175995,
                -1.0458365678787231,
                -0.07084034383296967,
                1.3682259321212769,
                -0.6025974750518799,
                -0.041845958679914474,
                0.3440699875354767,
                0.28987357020378113,
                0.07657492160797119,
                -0.1053103432059288,
                0.06962817907333374,
                0.37624529004096985,
                -0.1381814032793045,
                -0.3482183814048767,
                0.11254986375570297,
                -0.36137938499450684,
                0.6076951026916504,
                0.09935455024242401,
                0.08715876936912537,
                0.5352775454521179,
                0.02517862617969513,
                0.39752721786499023,
                -0.01836532913148403,
                0.09156639128923416,
                0.23196789622306824,
                0.3444303572177887,
                0.07432857900857925,
                0.4046304523944855,
                -0.1170903816819191,
                0.349920392036438,
                -0.18527060747146606,
                0.20242780447006226,
                -0.18079295754432678,
                0.07832834124565125,
                0.7281572222709656,
                0.2655133306980133,
                0.34834516048431396,
                -0.8477626442909241,
                0.20062293112277985,
                -0.621468186378479,
                0.17472095787525177,
                -0.12472027540206909,
                -0.11891813576221466,
                -0.14796441793441772,
                0.5364131927490234,
                0.07621194422245026,
                -0.4620110094547272,
                0.3689729571342468,
                -0.0700855478644371,
                -0.07470022886991501,
                0.09335417300462723,
                0.3491218388080597,
                -0.3464331328868866,
                -0.010455915704369545,
                0.1374877691268921,
                0.1342746764421463,
                0.34625232219696045,
                0.4014298915863037,
                0.9671412706375122,
                0.03582298383116722,
                0.1449970155954361,
                -0.23432479798793793,
                0.31755194067955017,
                0.4458533525466919,
                -0.00970615353435278,
                0.06338120251893997,
                0.29546117782592773,
                0.9383050799369812,
                -0.034604329615831375,
                0.3147631883621216,
                -0.2786686420440674,
                0.4201716184616089,
                -0.35789355635643005,
                -0.16143381595611572,
                0.10366763919591904,
                0.4162607192993164,
                -0.19393345713615417,
                -0.14079293608665466,
                0.44060957431793213,
                -0.1939585953950882,
                -0.4929545223712921,
                -0.1592981070280075,
                -0.2717650830745697,
                -0.4221056401729584,
                0.6553606986999512,
                -0.06762406975030899,
                0.05175425112247467,
                -0.02334180846810341,
                -0.28692010045051575,
                0.03484843298792839,
                0.8798831105232239,
                -0.3063260018825531,
                -0.10033413022756577,
                0.3073713481426239,
                0.0060895634815096855,
                -0.15980549156665802,
                0.19513921439647675,
                0.07699286937713623,
                0.06557957082986832,
                0.00853881798684597,
                -0.3757307827472687,
                -0.04845576733350754,
                -0.38586515188217163,
                0.2431364804506302,
                0.1797170490026474,
                0.488564133644104,
                -0.13006925582885742,
                0.3025123178958893,
                0.011203345842659473,
                -0.6157979965209961,
                -0.3775060772895813,
                0.03610685467720032,
                -0.037651218473911285,
                -0.18140171468257904,
                0.5307564735412598,
                -0.20247237384319305,
                -0.12881021201610565,
                -0.14922823011875153,
                -0.37578284740448,
                0.2965143322944641,
                -0.3513285219669342,
                -0.2799896001815796,
                0.19884584844112396,
                0.15234115719795227,
                0.7201778292655945,
                -0.37736645340919495,
                -0.3700384795665741,
                0.38039904832839966,
                0.6432514190673828,
                -0.16825984418392181,
                -0.1731673926115036,
                -0.1021319329738617,
                -0.39660510420799255,
                -0.2977648377418518,
                -0.2288789451122284,
                -1.3118562698364258,
                0.1330631822347641,
                0.3625496029853821,
                0.2183416187763214,
                -0.5059995055198669,
                -0.2355213314294815,
                0.031121395528316498,
                0.03634170815348625,
                -0.20601458847522736,
                -0.03816467896103859,
                -0.3720052242279053,
                0.0400058887898922,
                0.20678770542144775,
                -0.06877752393484116,
                0.09952189028263092,
                0.13036057353019714,
                0.050097789615392685,
                -0.40242862701416016,
                0.683150589466095,
                -0.545780599117279,
                0.2700277864933014,
                0.10990307480096817,
                -0.6485399603843689,
                0.004559042397886515,
                0.09321542084217072,
                -0.18814752995967865,
                0.5640276670455933,
                -0.09446536004543304,
                0.50541090965271,
                -0.11015043407678604,
                0.24440699815750122,
                0.12197663635015488,
                -0.1138535812497139,
                0.2679370939731598,
                -0.25892627239227295,
                -0.06265406310558319,
                0.09262923151254654,
                0.1650463342666626,
                0.0942671075463295,
                0.25085532665252686,
                0.3503365218639374,
                -0.07445859163999557,
                -0.29330065846443176,
                0.15859168767929077,
                -0.026803215965628624,
                -0.14844566583633423,
                0.10698812454938889,
                -0.4441552460193634,
                0.17656944692134857,
                0.04823646321892738,
                0.4838302433490753,
                0.2941087782382965,
                -0.7642828822135925,
                -0.03537065535783768,
                -0.026155902072787285,
                -0.07677631080150604,
                0.8341074585914612,
                -0.10489948838949203,
                0.22101032733917236
            ]
        },
        "descriptive_features": {
            "caption": "a small tree in the ground"
        },
        "object_features": {
            "detected_objects": [
                {
                    "label": "neem",
                    "confidence": 0.936,
                    "bbox": [
                        0,
                        0,
                        600,
                        283
                    ],
                    "area_ratio": 1.0,
                    "green_ratio": 0.117,
                    "leaf_stage": "Old"
                }
            ],
            "object_count": 1
        }
    },
    {
        "image": "1818.jpg",
        "quality_metrics": {
            "blur_score": 1030.426,
            "brightness": 0.66,
            "contrast": 0.169
        },
        "semantic_features": {
            "clip_embedding": [
                -0.11325427144765854,
                0.014682854525744915,
                0.1915268898010254,
                0.6468209028244019,
                0.15655650198459625,
                0.42688992619514465,
                0.15830577909946442,
                0.48670995235443115,
                -0.20406939089298248,
                -0.09211991727352142,
                0.08110151439905167,
                0.37218987941741943,
                -0.5541191697120667,
                -0.2505570650100708,
                0.15395429730415344,
                0.058847952634096146,
                -0.15394005179405212,
                -0.43674659729003906,
                0.5303122401237488,
                -0.06809768080711365,
                0.36665257811546326,
                -0.18752673268318176,
                0.16122961044311523,
                -0.05195013806223869,
                0.06262873113155365,
                -0.1747412383556366,
                -0.028647787868976593,
                0.038131244480609894,
                0.15838012099266052,
                0.14096687734127045,
                0.3462771773338318,
                0.04910391941666603,
                0.3339981734752655,
                -0.10717789828777313,
                0.3811069428920746,
                -0.2996494472026825,
                -0.38144636154174805,
                0.01968122459948063,
                0.19376245141029358,
                0.16952945291996002,
                0.13615494966506958,
                0.07312188297510147,
                0.14513227343559265,
                0.06217416003346443,
                0.1389712691307068,
                -1.1121824979782104,
                -0.41679349541664124,
                0.3683975636959076,
                -0.1321943998336792,
                -0.09772644191980362,
                -0.43122968077659607,
                -0.02584260329604149,
                0.15611532330513,
                -0.1372363567352295,
                0.2394230216741562,
                0.3481559753417969,
                -0.1169264167547226,
                0.05101197957992554,
                -0.06308568269014359,
                -0.019054722040891647,
                0.23938429355621338,
                0.07902657985687256,
                -0.1888302117586136,
                -0.13575336337089539,
                0.018388206139206886,
                -0.42374157905578613,
                -0.06124361231923103,
                0.39669954776763916,
                0.16014373302459717,
                0.32695242762565613,
                0.25840213894844055,
                0.10709276795387268,
                -0.014080004766583443,
                -0.46103957295417786,
                -0.6105138063430786,
                -0.7143979668617249,
                -0.587931752204895,
                0.2029566913843155,
                -0.43288296461105347,
                -0.4618186056613922,
                -0.1417340636253357,
                -0.45448797941207886,
                0.5503489971160889,
                -0.4769424498081207,
                -0.1324264407157898,
                -0.2717764973640442,
                0.2719803750514984,
                -0.22450898587703705,
                0.26759853959083557,
                -0.39002397656440735,
                0.24112547934055328,
                0.12142287939786911,
                -8.626087188720703,
                0.5453532934188843,
                0.3239676058292389,
                0.3160287141799927,
                0.07844039052724838,
                0.06480374187231064,
                -1.5167567729949951,
                -0.2277344912290573,
                0.12127602100372314,
                0.15855321288108826,
                0.3905646502971649,
                -0.14594313502311707,
                0.09362149983644485,
                -0.1932428777217865,
                -1.3190709352493286,
                0.46403029561042786,
                -0.18162097036838531,
                -0.039334747940301895,
                0.26071906089782715,
                0.38104939460754395,
                -0.6657170653343201,
                0.2964697480201721,
                -0.26712125539779663,
                0.2839939594268799,
                -0.5531928539276123,
                -0.011191833764314651,
                0.39122021198272705,
                -0.07455117255449295,
                -0.18837761878967285,
                -0.8186895847320557,
                0.007473754696547985,
                0.19968651235103607,
                0.23733162879943848,
                -0.5982465147972107,
                0.26120638847351074,
                -0.07652603089809418,
                0.055059757083654404,
                0.6214057803153992,
                -0.21698543429374695,
                -0.10508279502391815,
                -0.35965973138809204,
                0.9891197681427002,
                0.06664399057626724,
                0.33364447951316833,
                0.2842552363872528,
                -0.6091532707214355,
                0.3481643795967102,
                0.4204879105091095,
                -0.1374480277299881,
                0.3051633834838867,
                -0.6319122910499573,
                0.16641654074192047,
                -0.4058303236961365,
                0.06706167012453079,
                -0.5262498259544373,
                0.5114501118659973,
                0.0055771637707948685,
                0.30203720927238464,
                0.32244300842285156,
                -0.4494958519935608,
                -0.11937258392572403,
                -0.41367900371551514,
                0.09721162915229797,
                0.08872690051794052,
                0.24012765288352966,
                -0.1444854885339737,
                0.40911340713500977,
                -0.21139569580554962,
                -0.3758436441421509,
                -0.2878013849258423,
                -0.31262263655662537,
                0.4280370771884918,
                -0.26285645365715027,
                -0.16372361779212952,
                -0.21476180851459503,
                0.36500850319862366,
                -0.10086716711521149,
                0.07486622035503387,
                0.045864902436733246,
                -0.11557076871395111,
                -0.005121528171002865,
                -0.08989802747964859,
                0.6595430374145508,
                -0.13725505769252777,
                0.6006649732589722,
                0.019919784739613533,
                -0.7163508534431458,
                0.1017216369509697,
                -0.16570071876049042,
                0.41081565618515015,
                -0.3006090521812439,
                -0.11127514392137527,
                -0.06958331912755966,
                -0.11467017978429794,
                0.2817744016647339,
                0.29423800110816956,
                -0.25787484645843506,
                -0.015495212748646736,
                0.01840698905289173,
                -0.1246141865849495,
                0.42839840054512024,
                0.1228955015540123,
                -0.8588453531265259,
                -0.20547251403331757,
                -0.14670895040035248,
                -0.13281191885471344,
                0.4408246874809265,
                -0.15123124420642853,
                -0.255371630191803,
                -0.2800447642803192,
                0.12534688413143158,
                0.09879346191883087,
                0.1016458198428154,
                0.1785842329263687,
                0.2502438724040985,
                0.19623200595378876,
                -0.24995960295200348,
                0.09761761873960495,
                -0.843413233757019,
                0.5637673139572144,
                0.138834148645401,
                0.1411629468202591,
                -0.2712993621826172,
                0.13547194004058838,
                0.039915531873703,
                0.0815470889210701,
                0.8013685941696167,
                0.18964998424053192,
                -0.07052256166934967,
                0.3992518484592438,
                -0.10713596642017365,
                -0.2760307192802429,
                -0.5473012924194336,
                0.1562737226486206,
                -0.3316749930381775,
                -0.40598446130752563,
                0.02046366222202778,
                -0.11178353428840637,
                -0.08946993201971054,
                -0.3084501624107361,
                -0.14513611793518066,
                -0.2633894085884094,
                -0.17713488638401031,
                0.49632197618484497,
                0.16021987795829773,
                -0.015397373586893082,
                0.1571899801492691,
                -0.00822774600237608,
                0.1864074170589447,
                -0.20722746849060059,
                0.29648661613464355,
                -0.2465648353099823,
                -0.15979719161987305,
                -0.12242774665355682,
                0.4788663983345032,
                -0.05918145552277565,
                -0.12824878096580505,
                -0.4322800040245056,
                -0.45034727454185486,
                -0.19015714526176453,
                -0.16056813299655914,
                -0.22972045838832855,
                -0.13487450778484344,
                0.19198404252529144,
                -0.1201012060046196,
                -0.17230969667434692,
                2.0003585815429688,
                0.38636597990989685,
                -0.11795596778392792,
                0.26369601488113403,
                0.032962094992399216,
                -0.0840030163526535,
                0.1434890627861023,
                -0.11065971106290817,
                0.0285180676728487,
                -0.29923269152641296,
                0.28327417373657227,
                -0.33554890751838684,
                -0.32327765226364136,
                -0.06667651981115341,
                -0.5202317833900452,
                0.24044395983219147,
                -0.0419154018163681,
                0.20342355966567993,
                -0.20823124051094055,
                -0.04068880155682564,
                0.08833818882703781,
                0.11564148962497711,
                0.24703001976013184,
                0.24163775146007538,
                -0.3688752353191376,
                -0.128565713763237,
                0.08758242428302765,
                -0.24723459780216217,
                -0.6670454144477844,
                0.24613215029239655,
                -0.10502395033836365,
                -0.4567582905292511,
                0.16428349912166595,
                -0.5504526495933533,
                -0.16433390974998474,
                -0.0023008189164102077,
                -0.15862344205379486,
                -0.44632112979888916,
                0.568717896938324,
                0.2766900956630707,
                -0.0707748606801033,
                0.08565438538789749,
                0.40915703773498535,
                0.031509071588516235,
                0.016575735062360764,
                -0.0010599818779155612,
                0.1118198111653328,
                0.32018497586250305,
                -0.5809045433998108,
                -0.18950007855892181,
                -0.08317055553197861,
                0.2785567343235016,
                0.10104095190763474,
                -0.44280922412872314,
                0.9872633814811707,
                -0.17453016340732574,
                -0.1182532086968422,
                0.17819534242153168,
                -0.15859843790531158,
                0.35869336128234863,
                -0.07655379921197891,
                -0.9507360458374023,
                0.2983628511428833,
                1.773955225944519,
                -0.2576300799846649,
                -0.15566882491111755,
                0.08583956211805344,
                0.5149100422859192,
                0.1653212010860443,
                0.5285001397132874,
                -0.24994991719722748,
                0.4307863116264343,
                -0.5638660192489624,
                0.1172422468662262,
                0.11245227605104446,
                -0.35889360308647156,
                0.21380466222763062,
                0.15320727229118347,
                0.24041782319545746,
                0.14521831274032593,
                0.1149875596165657,
                0.5301533341407776,
                0.06507868319749832,
                -0.020631181076169014,
                0.37366122007369995,
                -0.06371574848890305,
                -0.2766156494617462,
                0.2544041574001312,
                -0.10841266810894012,
                0.3248439431190491,
                -0.24103504419326782,
                0.1593758761882782,
                -0.16157066822052002,
                0.13591311872005463,
                0.5825551152229309,
                0.07433652132749557,
                0.3139982223510742,
                -0.6398801803588867,
                0.6012439727783203,
                -1.0520381927490234,
                0.14004184305667877,
                -0.36159107089042664,
                -0.6061670780181885,
                -0.11260852962732315,
                0.6797425150871277,
                -0.12931333482265472,
                -0.61319899559021,
                0.3369690477848053,
                -0.2840806543827057,
                -0.15272189676761627,
                0.11346518248319626,
                0.2851335108280182,
                -0.020145531743764877,
                -0.03592044115066528,
                -0.47380897402763367,
                -0.39697903394699097,
                0.009269144386053085,
                0.4000186622142792,
                0.3140483796596527,
                0.10177010297775269,
                0.0833156481385231,
                -0.23322580754756927,
                0.03032761439681053,
                0.4295026957988739,
                -0.025808872655034065,
                -0.4369226396083832,
                0.1765298694372177,
                1.035508155822754,
                -0.08967644721269608,
                0.3658626079559326,
                -0.3450523912906647,
                0.031877920031547546,
                -0.025169577449560165,
                -0.5394691824913025,
                0.2502427101135254,
                0.29718083143234253,
                -0.11730640381574631,
                0.01802423968911171,
                0.7658914923667908,
                -0.12618689239025116,
                -0.15405313670635223,
                0.0023994233924895525,
                -0.15004174411296844,
                -0.18834315240383148,
                0.45895230770111084,
                -0.273678719997406,
                0.041908591985702515,
                -0.17647841572761536,
                -0.2971920669078827,
                0.1139962300658226,
                0.5805443525314331,
                -0.5974483489990234,
                0.2095203697681427,
                0.20689883828163147,
                0.07264796644449234,
                0.08861220628023148,
                -0.04425713047385216,
                0.10303177684545517,
                0.42334577441215515,
                -0.2400185614824295,
                -0.03215857967734337,
                0.1761629581451416,
                -0.22213107347488403,
                -0.05074451118707657,
                -0.043109335005283356,
                -0.4226163625717163,
                0.070989690721035,
                -0.007212487049400806,
                -0.09894406795501709,
                -0.17507235705852509,
                -0.6491459012031555,
                0.09972185641527176,
                0.09180710464715958,
                -0.02931251749396324,
                0.4723743200302124,
                -0.04014211893081665,
                -0.29238343238830566,
                -0.000427081948146224,
                0.014033732935786247,
                0.28885579109191895,
                -0.1612229347229004,
                -0.39791038632392883,
                0.31431466341018677,
                0.408716082572937,
                0.26123082637786865,
                -0.13586436212062836,
                -0.4301639497280121,
                -0.1372164636850357,
                0.5176123976707458,
                -0.4706372916698456,
                0.19618891179561615,
                0.0872320607304573,
                0.2345878630876541,
                0.013386305421590805,
                0.14515407383441925,
                -1.1859503984451294,
                -0.11094782501459122,
                0.4059476852416992,
                0.09949707984924316,
                -0.3375154137611389,
                -0.07007595896720886,
                0.03917909786105156,
                -0.20320406556129456,
                0.13439054787158966,
                -0.18102574348449707,
                -0.5894796252250671,
                0.06846390664577484,
                -0.12312708795070648,
                -0.15490196645259857,
                0.02941405028104782,
                -0.14025691151618958,
                0.2068079113960266,
                -0.15343254804611206,
                0.5173996090888977,
                -0.42958009243011475,
                0.3047195076942444,
                -0.14354801177978516,
                -0.5574538111686707,
                -0.024842940270900726,
                0.6139753460884094,
                -0.036917805671691895,
                0.10771457105875015,
                -0.08109045028686523,
                0.08973873406648636,
                0.44774705171585083,
                0.1836879700422287,
                0.23185235261917114,
                -0.11746810376644135,
                0.20832541584968567,
                0.2438829094171524,
                -0.13761430978775024,
                0.05445844680070877,
                0.45529302954673767,
                0.1460360586643219,
                -0.02158222906291485,
                -0.14352864027023315,
                0.5059899091720581,
                -0.05233088135719299,
                0.019419552758336067,
                0.030154701322317123,
                0.29119622707366943,
                -0.16758021712303162,
                -0.30693018436431885,
                -0.1285654455423355,
                0.2959519624710083,
                -0.00026047867140732706,
                0.695149838924408,
                -0.3612072765827179,
                -0.04417544603347778,
                -0.3287235498428345,
                -0.04283217713236809,
                0.26710814237594604,
                -0.04615294560790062,
                0.41720378398895264
            ]
        },
        "descriptive_features": {
            "caption": "a small tree in the middle of a dirt field"
        },
        "object_features": {
            "detected_objects": [
                {
                    "label": "neem",
                    "confidence": 0.988,
                    "bbox": [
                        0,
                        0,
                        600,
                        450
                    ],
                    "area_ratio": 1.0,
                    "green_ratio": 0.046,
                    "leaf_stage": "Old"
                }
            ],
            "object_count": 1
        }
    },
   